"x","VideoAligned_1 uM Capsaicin BTX F#1.1_average","VideoAligned_1 uM Capsaicin BTX F#1.2_average","VideoAligned_1 uM Capsaicin BTX F#2.1_average","VideoAligned_1 uM Capsaicin BTX F#2.2_average","VideoAligned_1 uM Capsaicin BTX F#3.1_average","VideoAligned_1 uM Capsaicin BTX F#3.2_average","VideoAligned_1 uM Capsaicin BTX-Stress F#1.1_average","VideoAligned_1 uM Capsaicin BTX-Stress F#1.2_average","VideoAligned_1 uM Capsaicin BTX-Stress F#2.1_average","VideoAligned_1 uM Capsaicin BTX-Stress F#2.2_average","VideoAligned_1 uM Capsaicin BTX-Stress F#3.1_average","VideoAligned_1 uM Capsaicin BTX-Stress F#3.2_average","VideoAligned_1 uM Capsaicin Control F#1.1_average","VideoAligned_1 uM Capsaicin Control F#1.2_average","VideoAligned_1 uM Capsaicin Control F#2.1_average","VideoAligned_1 uM Capsaicin Control F#2.2_average","VideoAligned_1 uM Capsaicin Control F#3.1_average","VideoAligned_1 uM Capsaicin Control F#3.2_average","VideoAligned_1 uM Capsaicin Control-BTX F#1.1_average","VideoAligned_1 uM Capsaicin Control-BTX F#1.2_average","VideoAligned_1 uM Capsaicin Control-BTX F#2.1_average","VideoAligned_1 uM Capsaicin Control-BTX F#2.2_average","VideoAligned_1 uM Capsaicin Control-BTX F#3.1_average","VideoAligned_1 uM Capsaicin Control-BTX F#3.2_average","VideoAligned_1 uM Capsaicin Stress F#1.1_average","VideoAligned_1 uM Capsaicin Stress F#1.2_average","VideoAligned_1 uM Capsaicin Stress F#2.1_average","VideoAligned_1 uM Capsaicin Stress F#2.2_average","VideoAligned_1 uM Capsaicin Stress F#3.1_average","VideoAligned_1 uM Capsaicin Stress F#3.2_average","VideoAligned_1 uM Capsaicin Stress-BTX F#1.1_average","VideoAligned_1 uM Capsaicin Stress-BTX F#1.2_average","VideoAligned_1 uM Capsaicin Stress-BTX F#2.1_average","VideoAligned_1 uM Capsaicin Stress-BTX F#2.2_average","VideoAligned_1 uM Capsaicin Stress-BTX F#3.1_average","VideoAligned_1 uM Capsaicin Stress-BTX F#3.2_average","VideoAligned_1 uM Capsaicin Stress-BTX M#1.1_average","VideoAligned_1 uM Capsaicin Stress-BTX M#1.2_average","VideoAligned_1 uM Capsaicin Stress-BTX M#2.1_average","VideoAligned_1 uM Capsaicin Stress-BTX M#2.2_average","VideoAligned_1 uM Capsaicin Stress-BTX M#3.1_average","VideoAligned_1 uM Capsaicin Stress-BTX M#3.2_average"
1,-0.00640431581419975,-0.195095700038874,-0.0602882870868255,-0.144883797246422,-0.0600443888607389,0.129392835833971,0.0137495662837261,-0.143928231353238,-0.0924262726139194,0.15695211772608,-0.0798494354604588,-5.01060967416527e-05,-0.0181244443870217,0.266129096041538,0.0409339926886384,-0.0729374950656444,-0.0246302639441,0.0605211779890957,0.0817532404021643,0.00819761925042242,0.132727309667631,0.102568401870389,-0.0164828631954782,-0.129976249942112,-0.0776714499450816,-0.208428663344865,-0.0249922305518289,0.102261550213664,-0.0503605930683975,0.372540888630904,0.22556161182839,-0.0181914487301602,-0.0575500989180492,0.0312078259503652,-0.0657742072140812,0.0759947585208961,0.0582708604399997,-0.0741799179798508,-0.104518223951268,0.0015434706443027,0.183076582541818,-0.0467842605035602
2,-0.00939857337830634,-0.167038696422885,-0.0520397659648753,-0.131025912248337,-0.0716900621414823,0.104380512657392,7.64201524968204e-05,-0.129376956858646,-0.0960095651065682,0.102498862806965,-0.0870508475938276,-0.0226346237029721,-0.0571378906937975,0.246932476924451,0.0119332847105511,-0.067697941745507,-0.0237484254049276,0.0373418548375857,0.0396156300481934,-0.00583590398237648,0.101148768104131,0.0610694233800093,-0.0170987089721583,-0.116409915493097,-0.0880890262839691,-0.189457428968611,-0.027365995174379,0.081027518914488,-0.050066336903163,0.29752735156685,0.187956290114989,-0.0194516611138928,-0.0611141607724431,0.0227871323483426,-0.0632261868323998,0.0717063132197063,0.0313379471946207,-0.0790431479041446,-0.10647861876667,-0.0293855337373485,0.132671797072727,-0.0421378747822899
3,-0.0122022797119707,-0.144965538840389,-0.0446598913071795,-0.116024028689166,-0.0712656362289575,0.0827775574298707,-0.00275952869705,-0.109534185776032,-0.091476891427096,0.0898681669361713,-0.0804336372645409,-0.0211787735537249,-0.0545528552133825,0.228695479647533,-0.00429417062142042,-0.0544269484746807,-0.0158697868324299,0.0306036712087993,0.0192804042561477,-0.0165032680167668,0.0603340060767845,0.0345087708851655,-0.0121418555628129,-0.098846639891433,-0.0694140243216512,-0.156593625628548,-0.0246393986919142,0.0613997899883454,-0.0546868122648325,0.241967190077483,0.151586099196168,-0.0125802864217886,-0.0479177282528342,-0.00404002838224369,-0.0480694699220601,0.0714729835791482,0.0152494945962615,-0.0703360929441107,-0.0951091780208576,-0.0369058383267595,0.110315569452442,-0.0375701366735708
4,-0.0139356853178819,-0.124666326878238,-0.0373662972430009,-0.100493848317811,-0.0654905443856109,0.0709633730757239,-0.00218887713219136,-0.0858343010791583,-0.0832694913526979,0.0822428481834359,-0.0685732628291699,-0.0360615770044066,-0.0657853414813406,0.193107951022089,-0.0122769314176072,-0.0469409229256422,-0.00459703195638421,0.0150860832341211,-5.12124530992807e-05,-0.0218325448498416,0.0378511980000319,0.0102798650065174,-0.00933138253068859,-0.0825899218140202,-0.0584125536270006,-0.129911443612769,-0.0224705321444531,0.0541937868434585,-0.0449329692772755,0.194182639751576,0.126905631701953,-0.00657334583094201,-0.0371439560391448,-0.0049758068589829,-0.0425694264392465,0.0724852634455642,0.0095023613330013,-0.0546632755907131,-0.0943055033481959,-0.0281227301818324,0.0854026000928923,-0.0441392761901144
5,-0.00721606569516766,-0.0909180032070184,-0.0305216460634248,-0.0841598941652586,-0.0561505706212909,0.0547074714400159,-0.00744203800958158,-0.0703616547848067,-0.068903845723337,0.0644243189501155,-0.0591831910496283,-0.0285876381640437,-0.0535114389967113,0.164275659808486,-0.0141571915007726,-0.0432655616513312,-0.00111149228986051,0.00944837768070233,-0.00144081095823965,-0.019773546125616,0.0396633236222219,-0.0047590377537997,-0.0108730429099053,-0.0619022334418186,-0.0478507949610027,-0.105785040515884,-0.0262101747006267,0.0471721052941358,-0.0362388190297907,0.157183874792984,0.0880387327793003,-0.00414813252900461,-0.0301823133729847,-0.00747960188789958,-0.0368582566062795,0.0714636762464208,0.00891103082388734,-0.0361494673620784,-0.0859449305155608,-0.030444391755067,0.0531049113318837,-0.0309396756061089
6,0.000628187079746184,-0.0625647920093063,-0.0252973550115301,-0.0677711511720896,-0.046738688446096,0.0487875503101432,-0.0124020374767453,-0.0506227846008219,-0.0597812400167583,0.0545254768903235,-0.0500647055361941,-0.0263727006136819,-0.0373462658044911,0.108309280911853,-0.0194016682127419,-0.03031897756061,0.00551219469037555,0.00324446752382713,-0.00300141046984821,-0.0141972439707467,0.0297878351920568,-0.00886629174921693,-0.0123521867795246,-0.0408990082326935,-0.0362536274680253,-0.0837144686487683,-0.0213068606554333,0.0435466442746628,-0.0356145745377567,0.117479118281983,0.0636128630407323,-0.00700825181220982,-0.0255497123078976,-0.00636741257014663,-0.0290760511222779,0.058582020889173,0.00864610919724461,-0.028549755948758,-0.0695997021505479,-0.0338703318978999,0.0347943652558918,-0.0310917869774712
7,-0.00176295404099521,-0.048550220473594,-0.017320857057451,-0.0517770778211133,-0.0380013316488232,0.0452400690675972,-0.0052828547519585,-0.0447623458603804,-0.0504195957908042,0.0310313495227493,-0.042308826183408,-0.0223392919197028,-0.0170437296849975,0.0815219686985929,-0.0100137344925526,-0.017524452174652,0.0051884414435469,0.00551207797539105,-0.000797490769233665,-0.00552290200242478,0.0209415732534628,-0.0115121540843991,-0.00898826684316788,-0.0308168826926144,-0.0266649381414447,-0.0599124555943454,-0.0155769492834271,0.0307935212604749,-0.0251345913157819,0.0846944423449221,0.0500159065099613,-0.00274452032743677,-0.0163473214830501,-0.000437576406578646,-0.02846260983655,0.0378992102053482,0.0155694017214013,-0.0241452508642312,-0.0543030322487818,-0.0239058312011896,0.0181126451421494,-0.0201095193600765
8,-0.00271507988768364,-0.029690204906503,-0.0126623182638105,-0.032167003868725,-0.0329413168029828,0.0288962683245125,-0.00161803715011128,-0.0387066820756971,-0.0339809382168003,0.0217347876663224,-0.025030152041605,-0.00980177589698933,-0.00700388333069932,0.045383182773995,-0.00980969228119845,-0.0158630890993568,-0.000612528090586351,-0.00100187811205614,-0.00133633172288364,-0.00108362386461228,0.00945577529643716,-0.00648609387352569,-0.00660056363239488,-0.0183456798163773,-0.013478612898078,-0.0405681440827046,-0.0055361028053396,0.0248525991171579,-0.0230111469165617,0.056684582413525,0.0283642472115919,-0.00461955389695055,-0.00948432099448353,0.00118457903902994,-0.0166984058805569,0.0242691642052968,0.017148393168456,-0.0202677760652816,-0.0376277187836857,-0.00736513229738442,0.0124579782878911,-0.0161242188339013
9,-0.000781361387509581,-0.0111550941554612,-0.00618989023149299,-0.0153531968907041,-0.020114562013291,0.0104661748449361,0.000470894072616037,-0.0222575106558888,-0.0151492151396676,0.0119545367712091,-0.0128943042282665,-0.0131527982749882,-0.000939704184380528,0.0171338612459268,-0.00702829339589333,-0.00857469141412131,-0.000695755455659624,0.0046544457434864,0.000767573787148866,-8.11264581108156e-05,0.00763869766503405,-0.00144011926447121,-0.00385293533005477,-0.00913974338604927,-0.00254456294366388,-0.0181979533161513,-0.0015800975341315,0.0146462894053898,-0.0104783431428717,0.0262148646942956,0.0119730528880856,-0.00099687837282461,-0.00170598534706999,-0.00699671695398336,-0.0104148188727191,0.0115376960399139,0.00931605273970008,-0.0124417339093866,-0.0161615002639389,-0.00323075914733541,0.00194485440686336,-0.0104670155572547
10,0,0,0,0,0,0,0,0,0,0,0,0,0,0,0,0,0,0,0,0,0,0,0,0,0,0,0,0,0,0,0,0,0,0,0,0,0,0,0,0,0,0
11,0.164903763848059,0.00650816614053941,0.00348401376185709,0.000281936567623818,0.0119906736524472,0.0149606640666296,-0.00154946016814412,0.0238939688073329,0.00579598337394753,0.0141421422620878,0.00380873419272122,0.0206480971080641,-0.00318609165929993,-0.0229696676408069,0.0124251613737218,0.0367577193891626,-0.0201942740070534,-0.00607600513642303,0.0444033770021606,0.0171658376472771,-0.000178815804452972,0.017123740475334,-0.0128856886437441,-0.00931058792951216,0.259444898990133,0.0199514694229943,0.00315660573481436,-0.00332423067798557,0.0275000879198771,-0.0383785925668153,0.0285937413609336,0.0115051849927728,0.0266361926570591,0.0103553229135675,0.0126398533766787,-0.0276872754747933,0.00809724844899893,0.0232976052870119,0.0673890968413198,0.0523854346583416,0.0262263805836429,-0.00614463971321312
12,0.311402291876997,0.0125273310408898,0.0166365385972837,-0.00159624778505401,0.00231620806320527,-0.0146400185729392,0.00114770612865445,0.020877322125128,-0.0128679886468617,-0.00370493382209334,0.00511572618631199,0.0575342954793612,-0.00520621206377255,-0.0928142575551564,-0.0139082559010839,0.0408909362277397,0.00854455311521901,-0.0152582549514063,0.0208632246526958,0.0396000270745991,-0.0505625816022062,0.0738316807262037,-0.0442094521977924,-0.0260589387211054,-0.0147508931682693,0.0260189334180804,-0.00211726726158958,-0.0326695530146628,0.0208498347366771,-0.107136419780367,0.00424964977792541,0.0169434530657403,0.0220986207689922,-0.00364028202770949,0.0196140470086041,-0.0647077085738221,-0.0129539459890254,0.0316248485557036,0.0521670134709773,0.0143677821867946,0.0328427008053417,-0.0039053458625567
13,0.337212840853606,0.0372675011566192,0.0252428481132557,0.0216840658698772,0.0296310194925986,-0.0181223312032866,0.0116857612780618,0.0325742147783198,0.0119561635951638,-0.00954100475125493,0.0231634978946648,0.086897405513613,0.000952162701437728,-0.0875646620359279,-0.00848391042895627,0.0500062132031125,0.0167618216480327,-0.0035024869459163,0.00795458294358266,0.0332787096850031,-0.0615681020045164,0.0713176780567781,-0.0351381824093991,-0.00757484411145438,-0.0240407704955582,0.0493396055566254,0.00791303057624682,-0.0365205239242498,0.025554580080124,-0.118177141579981,0.000371888771082061,0.0216457754759031,0.0282275364239799,0.0150587263901041,0.0444645227833482,-0.0396026763202469,-0.0118486470469734,0.0427534513295692,0.0694272785879787,0.0315136105058294,0.0239605249180504,0.0101783780582808
14,0.356294742394739,0.0561955830587749,0.0310819582363524,0.0397197321511453,0.054534815774188,-0.0170146822397196,0.0135200055911932,0.0428476837598131,0.0363731890123437,-0.0191387192105224,0.039221104344675,0.0931434556034556,0.00827748413204012,-0.094267833184678,-0.011808514602014,0.0531788327113161,0.0386718128895124,0.00493309301888207,0.00175995303020671,0.0321231690465354,-0.0590788500512519,0.081919718187803,-0.0259029609812256,-0.00505494951026552,-0.0181474306841901,0.0732768345586546,0.01435297388053,-0.0509933902743622,0.0234234259402331,-0.135495843804162,-0.00788185373066155,0.0272289723591504,0.0302571492262142,0.0176294159086882,0.0579906456087845,-0.00821590504521457,-0.0217385948868753,0.0737785378927742,0.0962282201570428,0.0298007536311278,0.0138492787098642,0.0209508882343324
15,0.370802976545784,0.0660665288994398,0.038517110375977,0.0587901864665574,0.0630249847923881,-0.00755747175101679,0.0166537710622526,0.0543351319628462,0.0554996814622277,-0.0176857533298204,0.0578011063177981,0.132816872083152,0.0115030126532081,-0.105305246930111,-0.018472243999107,0.0579365884519772,0.0561068869320125,0.0114141110487661,-0.000874077253615691,0.032146919597405,-0.0567788679158719,0.11342379577649,-0.0164764278768442,0.000599052218162708,-0.00851673010933373,0.0927967021278963,0.0273974951698762,-0.0572218055618057,0.0339669178093621,-0.153736473890806,-0.0205651165732057,0.0293049755720752,0.0338806660609497,0.029435372952647,0.070395859636363,-0.00113893617651717,-0.0292564130928914,0.11144223343388,0.121651413883748,0.0274667527814609,0.00995831258633716,0.0351246808761555
16,0.403766185949128,0.0853297283705646,0.0433000065563147,0.074353137921823,0.0665622778587693,-0.0221154686965555,0.0144640264311041,0.0639006148031233,0.0730194222301489,0.00296756963651024,0.0754256749168288,0.158093046550394,0.0137944365667873,-0.0968587425339494,-0.0212831468408254,0.0665649185185901,0.0565059344975049,0.0215206465538682,-0.0059473376017653,0.0381697315546221,-0.0490100488851851,0.143276230840485,-0.00884327486395566,0.00661563583384034,5.24773771474104e-05,0.103891486866006,0.0374014480207805,-0.0652129875381778,0.0515008468048747,-0.152709377184745,-0.0287979909208664,0.0321560979887748,0.0324115248782229,0.0397410155253383,0.0818833700528538,-0.0160322134588809,-0.0296195392046329,0.156493602136521,0.135603310216656,0.0176907597952254,0.0060317243267339,0.0610525230655513
17,0.417598728870459,0.101133522973791,0.0471924557288908,0.0897874777829549,0.067213675832886,-0.0260620155328041,0.0220640894918386,0.0721700923017175,0.0815144260265408,-0.00240902094648235,0.0935186390259163,0.179683430436225,0.00708758591028061,-0.0903862004204643,-0.0208870527797197,0.0656523631461712,0.055522297308708,0.027293432691427,-0.0100962425484505,0.0385120522029489,-0.0326420233766156,0.148735589656045,-0.00380802192235823,0.0145998198007618,0.0236749075366798,0.119445568996694,0.0383171763359909,-0.0811040889805862,0.0613232420908649,-0.156823990214255,-0.0480651338376336,0.0349954113052377,0.0258549939057832,0.0355716456057037,0.0971178094312907,-0.0428440468275859,-0.0328626586727302,0.167857256854748,0.15183706420671,0.00554702370920203,-0.000153637773744214,0.0751738534804298
18,0.404733783848746,0.118031467992204,0.0540484032716159,0.0985931406538493,0.0699381081045321,-0.0271807209467081,0.0311913886962387,0.0731565456922245,0.0980017249466787,-0.00532128514310623,0.109112687884455,0.221294258240113,0.00761260820354033,-0.0904002632884657,-0.0169003522939728,0.0696482226393286,0.0540950125021542,0.0257731146491374,-6.52071714142407e-06,0.0314182055915233,-0.0287405538874042,0.167901029575963,0.0120576563762084,0.0206881876186039,0.0433465679420096,0.135496994197158,0.0461904819033625,-0.0888479180714632,0.0771858258019356,-0.150280320907341,-0.0625484049878013,0.0390502352932393,0.0240939190954137,0.0339367517907721,0.107798535318987,-0.0635124605043832,-0.0363744049024,0.16634656525028,0.174845442921324,-0.00965469013912099,-0.00581688756529021,0.0751667254181992
19,0.414594691059925,0.138537496816486,0.0556918608622785,0.107161928184981,0.0700463964292001,-0.0319532558391686,0.0360780848864742,0.0776725411026451,0.117085686607279,-0.0203207316764976,0.122884571896069,0.24116682679567,0.00423414171939935,-0.087092558009906,-0.00752683846906566,0.0763352360919124,0.055282214607489,0.0379455363033769,0.00304759695197458,0.0415646706029203,-0.00196185259162994,0.195134102143044,0.0195602339092959,0.0233197665007802,0.0560652810946098,0.147806369508254,0.0534384511159707,-0.0934798409682604,0.0873723441263928,-0.150145956259299,-0.0532375103513323,0.0466131432259295,0.0271023958816057,0.0436317360797673,0.115747433718136,-0.072138034471151,-0.0309165563329348,0.175923702656715,0.205210140465808,-0.0168931572156574,-0.00542914861124956,0.0935553253555352
20,0.40770278073101,0.161172072161294,0.0652332379878383,0.11505782675592,0.0644525272492755,-0.0221196591990424,0.0396944230014904,0.0885242698494308,0.13389819971154,-0.0108710242205609,0.134863365511683,0.250142400330899,0.0061666332015155,-0.0874625048423085,0.0199922138967416,0.076470379808989,0.0621541208332651,0.0395530905005032,0.0166572715647685,0.0604474371190374,0.0419313361467066,0.187442392462462,0.0239362234839276,0.0230975726384045,0.0666738251935259,0.160239741901839,0.0660203404398325,-0.104671649213425,0.103993961287638,-0.136020923361872,-0.0423431664590573,0.0486869652193171,0.0250011542044657,0.0634859658819741,0.134506560434216,-0.0811574347389416,-0.026314035630497,0.17567426678928,0.234370251261069,-0.0116167336532114,-0.00165696232422837,0.111377716735196
21,0.391461048621662,0.169645837792759,0.0732092588913486,0.1227598286575,0.058488220064339,-0.0186250059144585,0.0425654153802007,0.0874629279510117,0.144340706516192,0.0130425775393324,0.146193216811472,0.253033176568068,0.00551719565243407,-0.0894348889127332,0.0422398821094078,0.0877732773662929,0.0622125973881759,0.0456408784759075,0.0115702204086594,0.0623610395678313,0.0545631643400013,0.198880210394425,0.0300957151024456,0.0255833622331095,0.0729052634707275,0.170180743104248,0.0691437879259533,-0.115767122740987,0.119015364937986,-0.0945397201232122,-0.0131044857456313,0.0475821480787769,0.0217678910931995,0.0535659087970108,0.145063103787919,-0.088633135529084,-0.0203501052223586,0.190332750509358,0.254650703025047,-0.00956936400967266,0.000582494041260607,0.118947087339202
22,0.382672415780048,0.177523588797782,0.0803040490082586,0.130412637570623,0.0800315155691058,-0.0111756397492542,0.0525388485696048,0.094280796348344,0.153174752502876,0.00974011887971733,0.158553397609569,0.258884516630176,0.012374667161646,-0.100466196088913,0.0711991030648572,0.0947893002686155,0.079261190448058,0.0537250209403648,0.0220049136494216,0.0544947322413255,0.0655212700763007,0.182380704508703,0.039022157989222,0.0242779263968055,0.0629117877627055,0.187295182433878,0.0712234714658323,-0.126318878033075,0.124817466628091,-0.107459753719501,-0.0388617210670425,0.050072021264267,0.0233346921434021,0.0636397240068642,0.16890395216998,-0.0923102254052336,-0.0127478703136195,0.20902558175118,0.276971092038093,0.0228326625333643,0.013161169210309,0.121075467337514
23,0.371137260354634,0.189950149345034,0.0900204022569254,0.135294288313764,0.137649376453045,-0.0171140720519146,0.0588136458197536,0.0989821559735102,0.167239768453458,0.00164517877746383,0.178173636079919,0.291988521969167,0.0145903719716517,-0.0922077230588391,0.0932325409923148,0.102650064336884,0.087692675863807,0.075794570976999,0.00796620245373322,0.0521187828421371,0.0509751892038549,0.17240914737348,0.0454175827531399,0.020444401507262,0.0644777662751385,0.194112522560601,0.0724669421141868,-0.137447701365558,0.127631812855159,-0.135551609743235,-0.0445167388888926,0.0473017747067878,0.0285274834331299,0.051154399873819,0.173550711970864,-0.100485384616504,-0.0135745296543098,0.214398015273376,0.295537689013783,0.124529189298092,0.0133811234579851,0.122474063938352
24,0.366194828210066,0.200020117765464,0.0907179864737063,0.137970685548575,0.143999881249531,-0.0115118160800009,0.0603053073134667,0.10127227966957,0.17654623434198,0.00288678055826416,0.194726894525542,0.312344133702806,0.0181592758630702,-0.0950348847529243,0.099984012457581,0.0963009346507918,0.111942058769459,0.0850039348583667,0.0016147983231084,0.0409096577547959,0.0404262316666257,0.17083427901424,0.058497780265054,0.0234010212595977,0.0642815948936765,0.19580896573063,0.0840022267825559,-0.14294375756859,0.136190917197861,-0.13241151089973,-0.0302745822807768,0.048427570716345,0.0335101894972209,0.0513372332601713,0.186098125062231,-0.102298397268129,-0.00293558047387861,0.228214194457113,0.311982504072832,0.262741546925622,0.0167804847983081,0.113782288527837
25,0.359092092239807,0.210697787063936,0.0971499416273194,0.145701666948174,0.137002344267834,-0.0118207360170154,0.0657702165541911,0.100828348637033,0.192017432921163,-0.000277454950311818,0.212212980760084,0.342521739113902,0.0234932183819527,-0.0958509633738907,0.0785431765539885,0.0947615787766375,0.150990802309085,0.0942474959407179,0.0302845517758419,0.0460154604129578,0.0308167204562444,0.16432342995617,0.0763356070557129,0.0241163057381989,0.0699818710224325,0.197755770703937,0.0907290493649252,-0.152269887480041,0.145874296509584,-0.131474804104192,-0.0173531071141048,0.0452666407287847,0.0356697847886423,0.0462713553001902,0.191487709634025,-0.0965488225798987,-0.00203640925498794,0.237778792651072,0.331949815142314,0.286078581262158,0.0219147691276135,0.108492977660309
26,0.344266449591328,0.226783769125111,0.10342460468257,0.150991284945116,0.14303866941185,-0.017230661541176,0.0704945639713118,0.107408637556574,0.198811543189175,0.0323820657575888,0.231356917721235,0.35107245665268,0.0288236252680449,-0.105209187464422,0.159108279806236,0.092457627661193,0.196892078576647,0.102737271359051,0.0591923127209004,0.0555217070476405,0.0337341187220352,0.163952523189296,0.0818585403549386,0.0245442356243804,0.0616214455425595,0.197147000287008,0.100764010434334,-0.154805644202836,0.165247677713871,-0.117665455735581,0.0167969751860212,0.0502954201071159,0.0458198148261069,0.0747636477403583,0.193313943596449,-0.104386417720948,-0.00531111633344946,0.259015638074317,0.342309079668688,0.253047636438887,0.0330929042643712,0.112858905817395
27,0.322817799068856,0.252921130075842,0.107818285832446,0.151673100540665,0.13303470563642,-0.0191632282363343,0.0762393801450331,0.115744043144405,0.211898387615223,0.0382438880776563,0.239794971348384,0.378429730099106,0.0346099566479758,-0.0952481993199667,0.277485460856296,0.0950472981257741,0.245716050862534,0.110933539782111,0.0654499907867866,0.0566318426075154,0.0388226742529304,0.160753587043219,0.0867139251618083,0.0266736320505517,0.0512994064919844,0.201082424677783,0.1157133594651,-0.160417243283914,0.190708303576994,-0.109436333397057,0.0222690047191981,0.047859015407929,0.0504439835789997,0.0528118230355593,0.197832492891959,-0.113950822775681,-0.00728504643858242,0.27462455262774,0.352603779081599,0.243216406506024,0.0384059156986844,0.116644464602945
28,0.308949016592552,0.269478228897491,0.112447450370584,0.157158007765581,0.123391101562537,-0.0219628355653438,0.0777794598471597,0.11997654369412,0.230945292547644,0.0592887509451368,0.251374163471872,0.404516420925852,0.030619253862367,-0.101356893346303,0.293388210279299,0.0912314405065116,0.301308977508222,0.117438868809818,0.0879585704545574,0.066026073416046,0.0299961587983328,0.162105732106737,0.0930956521448073,0.0249227722079164,0.0538242235035736,0.20813153458365,0.127886032683763,-0.175181936906027,0.217085736787252,-0.127091353849494,0.0213465130901225,0.0535235875042141,0.0436328268775155,0.0653984375605202,0.19515996725743,-0.123421946056232,-0.0222495022102423,0.283268431688661,0.372797241535205,0.221019468299853,0.0349942530846696,0.119660571775609
29,0.297612494326176,0.286088211309296,0.116636144338751,0.156759787024802,0.158020929939769,-0.0274389487191116,0.0711903737817982,0.120520159830579,0.246697945350668,0.114278928341087,0.264929252399387,0.39744004509643,0.0472007370578763,-0.100264314082877,0.277109657912555,0.0855427687479628,0.317934034303838,0.130060002582749,0.105143083535437,0.0720238655211892,0.0151078790425161,0.171130259224802,0.0978946163744363,0.025988214331948,0.0455960595933862,0.209851161682731,0.128779425147023,-0.186756640251588,0.233137968173315,-0.137469489926701,0.0180805214780807,0.0598595480304011,0.0427346887433735,0.0534988247961098,0.198819090211256,-0.131402468857889,-0.028166976249124,0.31441539981177,0.38949398388875,0.238630653336798,0.0397231480791909,0.119923242502765
30,0.294942502969722,0.300815533285433,0.119675301239492,0.14823555280023,0.183073778027253,-0.0260196049750363,0.0720172144511924,0.11995081436216,0.254814434225855,0.147691917871425,0.276993538654709,0.398815187117313,0.0789933366914238,-0.105393006110939,0.278761953723223,0.0802272834470248,0.355944421027595,0.145530898645497,0.176112152878447,0.102970813095024,0.0228101421477289,0.172587882156909,0.104596221137821,0.0209144069366933,0.0494081103468269,0.212637404458833,0.125761619585123,-0.19406218725823,0.244360769763181,-0.14845957072181,0.0312692490488055,0.0678752570230047,0.0454402703061855,0.0869916725671599,0.214809272639104,-0.14374004905531,-0.0169596444103254,0.325311855614882,0.410447128964817,0.254372645703889,0.052484382824434,0.130735078280078
31,0.301677588564556,0.309104499757077,0.121276607607004,0.151093574148595,0.174518588742498,-0.02593292460748,0.0738420291947046,0.120622537230936,0.255313332218548,0.14511091838697,0.285026672565187,0.400878633636481,0.0857742747074128,-0.105615340258471,0.295464562227047,0.0866114146678608,0.35078721723494,0.167543763037255,0.204589249572145,0.107969217663779,0.0449831096481615,0.189298126915155,0.106196407543526,0.0185317882129411,0.0450248454574689,0.207062020029444,0.129366154031077,-0.193789947031526,0.241265852681781,-0.145467258825702,0.0184168882313384,0.0739361888354664,0.0513279690343868,0.087285995134158,0.228662002693798,-0.150332891157052,-0.0188757838656103,0.349666216839863,0.41786644549502,0.243230820753025,0.0654385429691279,0.137502118375614
32,0.305702161292038,0.307326064828276,0.122243850073671,0.158811121367955,0.145173764466024,-0.0275687412574672,0.0826699330359041,0.120429797332987,0.257271875844647,0.165398678757873,0.290598861880084,0.402899732177528,0.078740863138193,-0.109223756048217,0.294712964440522,0.0817789571365828,0.39951911116496,0.168745177340882,0.25883044005888,0.107669005267997,0.0529704567399858,0.21690791545413,0.11316672609852,0.0172684933211836,0.0477872836407451,0.214164181961119,0.13371719795142,-0.182220813900977,0.245571092122559,-0.147234805350845,0.0266218103043069,0.0724826421115691,0.0830226748031252,0.0825309002683091,0.234321911509455,-0.161784507120897,-0.0152206057464746,0.377483255134591,0.418929832392014,0.222877881807338,0.0678691445231459,0.131947561394324
33,0.308468434589869,0.306719669815036,0.126722688861175,0.159378396706903,0.144155673126632,-0.0208023796601424,0.0999150890342821,0.125229468922242,0.278393348467538,0.204110101684746,0.304608536435845,0.406111038079047,0.0935065618782198,-0.116930835163903,0.308392493870843,0.083137825875845,0.37770982155812,0.163654019631778,0.278527643759717,0.103485533713748,0.0385671027189921,0.219099404527069,0.122238544860514,0.0142952930902314,0.0477958837054145,0.216972667470049,0.14313844926184,-0.158578142245756,0.251426311922629,-0.162633886419267,0.0306270666126937,0.0708020079703994,0.10235466570831,0.0921335736415649,0.236715135668571,-0.17300972403074,-0.0181105430413748,0.426362781073073,0.425222138881068,0.213084517929406,0.0563869155201387,0.138648823552246
34,0.30625419825384,0.299775219405763,0.130649573314131,0.155426690091454,0.161095865321125,-0.0147208723251765,0.106285116810289,0.127941168948978,0.291193079849609,0.201666082281727,0.31702066417835,0.415158961674088,0.0954114678884227,-0.113487018133975,0.340750287745,0.0831994394122933,0.344928435428307,0.160995213775308,0.275891353344943,0.0953946256183863,0.0294743933094341,0.225067985717348,0.13259952424219,0.0119025768221656,0.0423609619105714,0.211798823137974,0.131927409303294,-0.111554609070704,0.266880349463962,-0.183885552386473,0.0333905484294628,0.0685114482893458,0.134111703810746,0.100911115247889,0.244824655587203,-0.176633905498392,-0.00711993020987371,0.44811805369832,0.428527055650041,0.185053910556286,0.0592171255486849,0.1486090953127
35,0.300291954731219,0.287681930360908,0.130803010457507,0.154383003605838,0.185675069163975,-0.00201208102599783,0.103668677613239,0.133774200387751,0.297791026369705,0.23778969030312,0.327510314826586,0.428568979830466,0.0917721337601024,-0.116213120820234,0.359266266456995,0.0856824239824846,0.34039150280559,0.166988531849627,0.297562901099855,0.0926655348807535,0.0194913600916864,0.255343921383562,0.137347803121636,0.00874523505465874,0.0389722435059889,0.210539352268686,0.137221262042815,-0.0812284180155636,0.294209799402319,-0.184309217512128,0.065003960514148,0.069681119885124,0.156606480109778,0.096000214114181,0.24764702724337,-0.185422277574581,0.0167729677150361,0.503684482623229,0.44237796655951,0.183611971656548,0.0817992653646137,0.159855137388972
36,0.295075922044515,0.280644613347672,0.130442315885015,0.156438465650239,0.179973530095217,0.00943560913783157,0.103920397371166,0.144588650447016,0.300541934132891,0.274736127097746,0.341327979615212,0.441101023813014,0.0940643891629459,-0.114208938639428,0.347845678777813,0.0762019691226452,0.336836619937498,0.171911812013117,0.315482766239598,0.0944985493024505,0.00815435342266266,0.29244474673962,0.143217458234792,0.00857285532640767,0.0406678040263277,0.211328856760059,0.144835317266158,-0.101423791647119,0.292569251086418,-0.188851044654203,0.0789964962146808,0.0658205953764169,0.143948915318869,0.0994473025062556,0.244754027000304,-0.190673597112948,0.020699229670769,0.531329500269072,0.449186261452854,0.188299671623751,0.0843213004703839,0.16232725813738
37,0.285461038889509,0.27727313020946,0.133078879345691,0.152066437329885,0.159770409724727,0.00566653275852316,0.120892299149305,0.147668423190248,0.309384018500241,0.300250761397638,0.353375887266526,0.433491005488565,0.10778567488908,-0.115936255076379,0.332264475376568,0.080582687664545,0.349020462488145,0.179291008118615,0.343047648006617,0.0870028227659084,0.00466510914936574,0.285994256230387,0.141002810171971,0.0081295561770324,0.0344354643127142,0.213784745742074,0.131714116815868,-0.128417264465936,0.297355685764391,-0.19566151269004,0.0729023455984375,0.0620155887301191,0.151078210675916,0.0897579178364633,0.241461000701417,-0.192775822917966,0.0226211247062959,0.545513158050972,0.469734512622064,0.186264237004703,0.0958703770476418,0.161104900025952
38,0.267511653747804,0.267729720957978,0.132340619312484,0.150393130048706,0.139502740032493,0.0259454662100861,0.139372309167984,0.155056687383824,0.313903714594707,0.303166155896689,0.369308196082938,0.431420576040332,0.0948917273739321,-0.11671266766545,0.332635764141226,0.0758350843743075,0.321176594467387,0.187242881622428,0.340735640895026,0.0831462282587607,-0.000324692276387078,0.28163712223594,0.141306784978928,0.00536982153694353,0.0321570925686847,0.204845617944467,0.151138441998216,-0.147210550174682,0.26987447699653,-0.203388616259638,0.0923516498994028,0.0665509762483605,0.165616959464356,0.082525290910843,0.249612545369446,-0.195732779897349,0.0510108382816952,0.56712459312762,0.485884488301944,0.204540644043176,0.0932280868022973,0.157954789460739
39,0.258943920482064,0.268316222042785,0.139171976754043,0.15185364775192,0.126325758150131,0.0145826158296804,0.163014457452295,0.151750837703995,0.317244581068893,0.295930334193952,0.368436178447488,0.432582105328449,0.103352866343146,-0.117981644856164,0.32920893461711,0.0762472501440846,0.306284621893659,0.192838317734757,0.362645315661222,0.076878971428613,-0.00301954071727413,0.310088391924571,0.146984310701715,0.00173407126576732,0.0229059689573422,0.207307798206089,0.17027638978696,-0.155834441891189,0.280518427022123,-0.204147932052595,0.0931151706658544,0.0665220939965021,0.178892857304338,0.0769714018615664,0.249638272352171,-0.201536654860832,0.0728555989620663,0.601495384460186,0.500650508507118,0.213649314756846,0.123029596972101,0.169603604603777
40,0.238522392488008,0.265174404619697,0.140320459544982,0.150218524913181,0.122183709874983,0.000666171344398731,0.169607661240382,0.146858360567036,0.323427339285517,0.302550342241976,0.367255001404297,0.442760343659927,0.110027898928341,-0.125044344778386,0.320135448663126,0.0755281656065555,0.28813157817861,0.188976052278917,0.364931338537407,0.0862526081752913,-0.0175766149801448,0.356259031149198,0.161849121308551,0.000128806280165632,0.0220075393556456,0.199388323946195,0.166954039345258,-0.162629147495941,0.284211779330301,-0.210333452135022,0.105498829682185,0.0729897805072487,0.204413655583553,0.0668642744844708,0.249010754640519,-0.212766950644905,0.0835281101192562,0.601672894232259,0.510318750242371,0.179732014289788,0.105417763476738,0.162239036304428
