 ,IntDen1,RawIntDen1,IntDen2,RawIntDen2,IntDen3,RawIntDen3,IntDen4,RawIntDen4,IntDen5,RawIntDen5,IntDen6,RawIntDen6,IntDen7,RawIntDen7,IntDen8,RawIntDen8,IntDen9,RawIntDen9,IntDen10,RawIntDen10,IntDen11,RawIntDen11,IntDen12,RawIntDen12,IntDen13,RawIntDen13,IntDen14,RawIntDen14,IntDen15,RawIntDen15,IntDen16,RawIntDen16,IntDen17,RawIntDen17,IntDen18,RawIntDen18,IntDen19,RawIntDen19,IntDen20,RawIntDen20,IntDen21,RawIntDen21,IntDen22,RawIntDen22,IntDen23,RawIntDen23,IntDen24,RawIntDen24,IntDen25,RawIntDen25,IntDen26,RawIntDen26,IntDen27,RawIntDen27,IntDen28,RawIntDen28,IntDen29,RawIntDen29,IntDen30,RawIntDen30,IntDen31,RawIntDen31,IntDen32,RawIntDen32,IntDen33,RawIntDen33,IntDen34,RawIntDen34,IntDen35,RawIntDen35,IntDen36,RawIntDen36,IntDen37,RawIntDen37,IntDen38,RawIntDen38,IntDen39,RawIntDen39,IntDen40,RawIntDen40
1,2664,2664,5845,5845,15336,15336,168510,168510,26411,26411,16654,16654,47649,47649,11580,11580,31491,31491,11188,11188,33025,33025,5207,5207,19435,19435,76387,76387,24315,24315,48515,48515,13529,13529,96409,96409,44505,44505,8567,8567,15024,15024,3435,3435,30975,30975,19750,19750,6781,6781,15800,15800,66025,66025,16368,16368,93262,93262,3602,3602,34747,34747,91239,91239,25456,25456,21165,21165,13357,13357,28008,28008,33446,33446,186120,186120,68694,68694,15098,15098
2,2720,2720,5935,5935,16194,16194,175712,175712,26504,26504,16413,16413,49311,49311,11890,11890,31126,31126,11586,11586,33925,33925,5114,5114,20234,20234,85463,85463,23050,23050,48380,48380,14415,14415,92134,92134,46806,46806,8612,8612,15692,15692,3367,3367,29669,29669,20227,20227,7217,7217,17610,17610,84478,84478,17354,17354,99273,99273,3957,3957,34224,34224,93411,93411,25949,25949,23119,23119,14293,14293,29399,29399,34766,34766,189762,189762,77547,77547,15018,15018
3,2474,2474,5714,5714,17146,17146,181142,181142,27592,27592,16847,16847,51240,51240,11630,11630,31532,31532,11986,11986,35913,35913,5221,5221,20435,20435,88153,88153,26137,26137,48995,48995,14303,14303,87488,87488,47810,47810,8301,8301,14821,14821,3162,3162,30620,30620,19859,19859,7015,7015,18614,18614,91003,91003,17297,17297,108226,108226,3993,3993,34414,34414,94069,94069,26411,26411,25371,25371,14956,14956,29549,29549,43463,43463,193042,193042,101667,101667,16001,16001
4,2741,2741,6167,6167,18005,18005,185450,185450,27433,27433,16892,16892,59312,59312,12042,12042,33138,33138,12012,12012,44310,44310,5605,5605,22192,22192,95869,95869,25679,25679,49512,49512,14601,14601,89959,89959,49300,49300,7969,7969,14397,14397,3241,3241,30556,30556,20408,20408,7162,7162,19241,19241,95854,95854,17662,17662,115139,115139,4305,4305,34769,34769,93839,93839,28315,28315,28461,28461,14502,14502,32482,32482,51480,51480,196396,196396,164525,164525,15940,15940
5,2709,2709,6213,6213,18749,18749,188216,188216,27955,27955,16840,16840,108808,108808,11892,11892,36521,36521,12343,12343,80731,80731,5437,5437,23975,23975,99997,99997,26439,26439,52808,52808,15192,15192,94179,94179,50051,50051,7921,7921,13805,13805,3224,3224,29613,29613,21098,21098,7112,7112,19790,19790,100494,100494,18352,18352,124052,124052,4382,4382,33948,33948,93755,93755,29660,29660,31655,31655,15612,15612,41507,41507,60242,60242,199279,199279,190372,190372,16821,16821
6,2765,2765,6228,6228,18977,18977,193625,193625,29148,29148,17729,17729,148616,148616,11783,11783,40511,40511,13376,13376,105144,105144,5666,5666,25616,25616,105953,105953,24932,24932,55763,55763,15758,15758,102931,102931,50856,50856,7959,7959,14125,14125,3279,3279,29586,29586,21734,21734,7278,7278,22286,22286,105061,105061,19515,19515,126824,126824,4645,4645,34687,34687,94901,94901,30614,30614,36223,36223,15552,15552,54555,54555,76199,76199,203805,203805,192490,192490,16556,16556
7,2877,2877,6189,6189,19502,19502,197753,197753,29018,29018,17643,17643,144795,144795,11896,11896,40529,40529,13587,13587,106649,106649,5662,5662,29006,29006,107425,107425,27712,27712,56553,56553,15407,15407,114352,114352,51325,51325,8449,8449,13225,13225,3098,3098,29388,29388,22439,22439,7080,7080,24094,24094,107269,107269,30826,30826,130000,130000,4653,4653,34365,34365,91335,91335,32499,32499,40217,40217,15752,15752,59686,59686,79656,79656,208627,208627,193027,193027,17054,17054
8,3184,3184,6232,6232,19925,19925,201432,201432,29567,29567,17700,17700,140525,140525,11740,11740,42331,42331,13655,13655,107525,107525,6195,6195,31856,31856,110426,110426,27632,27632,57970,57970,15667,15667,125285,125285,51369,51369,7763,7763,12754,12754,3083,3083,30196,30196,22186,22186,6887,6887,27532,27532,109230,109230,36175,36175,133526,133526,4527,4527,34698,34698,89822,89822,32868,32868,43215,43215,15976,15976,62902,62902,78673,78673,213931,213931,192522,192522,16828,16828
9,2965,2965,6229,6229,20593,20593,207604,207604,31360,31360,18041,18041,132423,132423,11524,11524,43557,43557,13684,13684,108775,108775,6356,6356,36620,36620,113916,113916,26803,26803,58527,58527,15727,15727,132819,132819,53043,53043,8028,8028,12419,12419,3222,3222,29504,29504,23281,23281,6943,6943,29883,29883,110705,110705,36910,36910,135243,135243,4530,4530,35942,35942,88851,88851,33709,33709,48455,48455,17918,17918,64188,64188,79201,79201,220650,220650,193511,193511,17084,17084
10,3086,3086,6324,6324,20567,20567,211040,211040,38110,38110,17719,17719,123225,123225,12085,12085,42197,42197,13177,13177,110202,110202,6418,6418,41754,41754,117316,117316,26386,26386,59965,59965,15912,15912,136295,136295,53531,53531,7935,7935,11887,11887,3102,3102,29065,29065,23362,23362,6681,6681,32556,32556,112036,112036,36873,36873,137863,137863,4713,4713,37738,37738,91270,91270,34315,34315,54226,54226,19433,19433,65929,65929,77837,77837,227782,227782,193902,193902,17226,17226
11,2833,2833,6276,6276,19602,19602,223905,223905,48924,48924,17138,17138,113943,113943,11658,11658,42332,42332,13373,13373,106739,106739,6434,6434,43252,43252,115193,115193,26326,26326,59630,59630,17425,17425,135811,135811,50286,50286,7890,7890,11294,11294,3008,3008,27924,27924,22535,22535,6511,6511,35126,35126,109530,109530,35243,35243,133920,133920,4587,4587,36764,36764,92424,92424,33289,33289,55954,55954,18617,18617,70357,70357,80888,80888,222335,222335,190265,190265,16602,16602
12,3078,3078,6318,6318,19913,19913,224220,224220,46024,46024,17507,17507,102839,102839,11240,11240,43434,43434,12961,12961,102361,102361,6728,6728,45018,45018,116838,116838,24544,24544,60639,60639,18042,18042,130272,130272,48995,48995,7756,7756,11165,11165,3018,3018,27564,27564,22844,22844,6847,6847,36290,36290,107312,107312,35330,35330,131607,131607,4553,4553,39867,39867,97026,97026,33434,33434,55670,55670,18576,18576,71393,71393,82873,82873,223481,223481,196254,196254,16533,16533
13,3176,3176,6197,6197,19943,19943,226209,226209,43142,43142,17534,17534,98849,98849,11275,11275,44489,44489,13440,13440,107474,107474,6924,6924,46686,46686,118890,118890,26255,26255,61582,61582,17526,17526,133312,133312,49263,49263,7819,7819,10390,10390,2959,2959,27407,27407,23220,23220,6748,6748,39508,39508,109313,109313,35899,35899,132648,132648,4845,4845,39742,39742,101269,101269,33584,33584,50614,50614,18633,18633,70738,70738,80923,80923,226726,226726,197127,197127,16347,16347
14,3122,3122,6493,6493,19585,19585,227810,227810,39145,39145,17343,17343,97993,97993,11616,11616,43801,43801,13438,13438,108461,108461,6779,6779,46802,46802,120585,120585,26501,26501,64392,64392,17875,17875,134678,134678,50674,50674,7910,7910,9997,9997,2896,2896,27685,27685,23375,23375,6540,6540,41302,41302,111441,111441,36171,36171,136602,136602,4761,4761,39231,39231,106514,106514,35989,35989,45191,45191,18607,18607,70765,70765,81373,81373,228529,228529,195829,195829,16701,16701
15,3217,3217,6405,6405,20099,20099,226697,226697,38950,38950,17380,17380,102137,102137,11519,11519,43772,43772,13171,13171,111050,111050,6751,6751,48095,48095,123099,123099,25832,25832,66416,66416,17766,17766,137861,137861,51420,51420,7838,7838,10409,10409,3003,3003,27032,27032,24192,24192,6801,6801,43096,43096,112995,112995,36655,36655,138851,138851,4911,4911,39748,39748,117571,117571,35752,35752,38349,38349,19564,19564,73262,73262,80161,80161,231016,231016,195861,195861,16900,16900
16,3198,3198,6696,6696,20383,20383,227968,227968,38891,38891,17632,17632,106753,106753,11123,11123,43754,43754,13048,13048,111602,111602,6732,6732,50046,50046,125257,125257,25442,25442,69921,69921,17949,17949,139512,139512,51415,51415,7574,7574,9755,9755,2904,2904,26528,26528,23968,23968,6534,6534,43880,43880,113707,113707,35390,35390,140857,140857,4818,4818,40463,40463,132238,132238,35334,35334,34394,34394,19396,19396,73170,73170,79709,79709,230371,230371,197568,197568,16693,16693
17,3201,3201,6746,6746,19961,19961,228299,228299,38728,38728,17324,17324,110191,110191,11207,11207,43714,43714,13130,13130,113089,113089,6832,6832,50615,50615,125968,125968,24575,24575,73415,73415,17664,17664,141061,141061,51771,51771,7438,7438,9831,9831,3015,3015,25790,25790,24998,24998,6655,6655,44802,44802,115882,115882,36923,36923,141205,141205,4882,4882,41537,41537,156883,156883,35967,35967,31966,31966,19277,19277,73319,73319,77311,77311,233214,233214,193355,193355,16633,16633
18,3369,3369,6517,6517,20505,20505,226394,226394,39542,39542,17566,17566,107778,107778,11631,11631,43764,43764,13377,13377,114223,114223,6558,6558,51843,51843,125968,125968,25204,25204,78482,78482,17925,17925,142174,142174,53346,53346,7566,7566,9714,9714,2936,2936,25518,25518,24839,24839,6510,6510,45570,45570,116175,116175,36663,36663,141981,141981,5023,5023,42154,42154,185929,185929,35776,35776,30406,30406,18826,18826,73462,73462,76288,76288,232374,232374,196680,196680,16576,16576
19,3295,3295,6864,6864,20472,20472,227021,227021,39807,39807,17737,17737,106553,106553,11278,11278,43629,43629,13253,13253,114398,114398,6854,6854,53466,53466,126220,126220,24017,24017,83268,83268,18010,18010,141985,141985,53929,53929,7441,7441,9683,9683,2735,2735,25263,25263,25649,25649,6676,6676,46455,46455,118209,118209,36084,36084,143314,143314,4747,4747,43826,43826,206973,206973,35712,35712,29585,29585,20098,20098,73906,73906,76326,76326,232226,232226,194404,194404,16619,16619
20,3299,3299,6617,6617,20423,20423,227546,227546,39860,39860,17691,17691,104689,104689,11251,11251,45560,45560,13436,13436,112944,112944,6940,6940,52769,52769,125049,125049,23385,23385,90856,90856,17835,17835,143564,143564,54309,54309,7543,7543,9011,9011,2767,2767,24284,24284,25128,25128,6282,6282,45258,45258,117971,117971,36524,36524,145677,145677,5122,5122,46452,46452,220859,220859,36254,36254,28238,28238,20367,20367,74069,74069,77338,77338,234134,234134,195609,195609,17020,17020
21,3470,3470,6877,6877,20523,20523,226939,226939,40167,40167,17089,17089,97534,97534,11218,11218,45251,45251,13628,13628,113515,113515,6758,6758,53003,53003,125950,125950,23933,23933,96865,96865,18362,18362,145796,145796,54312,54312,7269,7269,8958,8958,2795,2795,23923,23923,26575,26575,6267,6267,41406,41406,119374,119374,36046,36046,145229,145229,5092,5092,48551,48551,228444,228444,35725,35725,26789,26789,20260,20260,74875,74875,76035,76035,235947,235947,194838,194838,16643,16643
22,3302,3302,6843,6843,20896,20896,222090,222090,41281,41281,17617,17617,83620,83620,11148,11148,45419,45419,13439,13439,113322,113322,6965,6965,53579,53579,123867,123867,24021,24021,102233,102233,17941,17941,148137,148137,54558,54558,7571,7571,9067,9067,2880,2880,23483,23483,27079,27079,6428,6428,32322,32322,119904,119904,36590,36590,146645,146645,5135,5135,51943,51943,233649,233649,36097,36097,27714,27714,20070,20070,76549,76549,74965,74965,233631,233631,191812,191812,16768,16768
23,3523,3523,6823,6823,20454,20454,212485,212485,40379,40379,17510,17510,67543,67543,11433,11433,45849,45849,13315,13315,114757,114757,6857,6857,53153,53153,123643,123643,21872,21872,107467,107467,18419,18419,148914,148914,55116,55116,7578,7578,9067,9067,2883,2883,23122,23122,27274,27274,6375,6375,19585,19585,120254,120254,37004,37004,145960,145960,5201,5201,54575,54575,236100,236100,36465,36465,27034,27034,20205,20205,75040,75040,76984,76984,235340,235340,191349,191349,16346,16346
24,3497,3497,7017,7017,20839,20839,208931,208931,40093,40093,17506,17506,58174,58174,11039,11039,45662,45662,13640,13640,116338,116338,6796,6796,56399,56399,121717,121717,20843,20843,110859,110859,18334,18334,148457,148457,56132,56132,7135,7135,8727,8727,2848,2848,23178,23178,27533,27533,6215,6215,15846,15846,119139,119139,36178,36178,148121,148121,5141,5141,57615,57615,238094,238094,36290,36290,26701,26701,20029,20029,74732,74732,76692,76692,236843,236843,190104,190104,16510,16510
25,3404,3404,6900,6900,20997,20997,206527,206527,40195,40195,17571,17571,55003,55003,11046,11046,47013,47013,13539,13539,115754,115754,7050,7050,56277,56277,114911,114911,20044,20044,114928,114928,17912,17912,148435,148435,55503,55503,7596,7596,8872,8872,2840,2840,22883,22883,27850,27850,5956,5956,16023,16023,122387,122387,37040,37040,149609,149609,5383,5383,59220,59220,238572,238572,36314,36314,26883,26883,20102,20102,77007,77007,76061,76061,235859,235859,184132,184132,16686,16686
26,3551,3551,6732,6732,20350,20350,207614,207614,40264,40264,17266,17266,54056,54056,10827,10827,53233,53233,13377,13377,117682,117682,6911,6911,57539,57539,94037,94037,17705,17705,115991,115991,18472,18472,151445,151445,56312,56312,7387,7387,8334,8334,2793,2793,22084,22084,28518,28518,5918,5918,17268,17268,121554,121554,37023,37023,149066,149066,5476,5476,60615,60615,240915,240915,36452,36452,26915,26915,19802,19802,78768,78768,74507,74507,238579,238579,176514,176514,16022,16022
27,3376,3376,6805,6805,20215,20215,208291,208291,39855,39855,17856,17856,53837,53837,10778,10778,79715,79715,13569,13569,121530,121530,6673,6673,58172,58172,54188,54188,15218,15218,118087,118087,18126,18126,151958,151958,56720,56720,7197,7197,8300,8300,2888,2888,21397,21397,28235,28235,6276,6276,17548,17548,122816,122816,37400,37400,149586,149586,5466,5466,59234,59234,241666,241666,36392,36392,27271,27271,20332,20332,76401,76401,73860,73860,241024,241024,167466,167466,15977,15977
28,3453,3453,6731,6731,20211,20211,207716,207716,39161,39161,16870,16870,53741,53741,10963,10963,83191,83191,13442,13442,125392,125392,6540,6540,59518,59518,48303,48303,15251,15251,118848,118848,18598,18598,153055,153055,57698,57698,7232,7232,8496,8496,2669,2669,21659,21659,28148,28148,5872,5872,16763,16763,123339,123339,37122,37122,149283,149283,5191,5191,58369,58369,241592,241592,34527,34527,27454,27454,19552,19552,78261,78261,73668,73668,237878,237878,158553,158553,15885,15885
29,3422,3422,6785,6785,20537,20537,205047,205047,38432,38432,16938,16938,53217,53217,10745,10745,84455,84455,12877,12877,125672,125672,6386,6386,58458,58458,50109,50109,15429,15429,121074,121074,18350,18350,150500,150500,57478,57478,7108,7108,8386,8386,2770,2770,21252,21252,28708,28708,5964,5964,17129,17129,123630,123630,36812,36812,149472,149472,5541,5541,56745,56745,240654,240654,34597,34597,27040,27040,19516,19516,78596,78596,71721,71721,239474,239474,154006,154006,16528,16528
30,3208,3208,6732,6732,20097,20097,204330,204330,38180,38180,16747,16747,54140,54140,11040,11040,85299,85299,13085,13085,125960,125960,6371,6371,60719,60719,49301,49301,15086,15086,121485,121485,18586,18586,149467,149467,57322,57322,7232,7232,8386,8386,2681,2681,21172,21172,28778,28778,6145,6145,16723,16723,125042,125042,36990,36990,150649,150649,5191,5191,52456,52456,237687,237687,36203,36203,26956,26956,18977,18977,81529,81529,70407,70407,239083,239083,149314,149314,15958,15958
31,3316,3316,6951,6951,20314,20314,200998,200998,36936,36936,16480,16480,54448,54448,10729,10729,85184,85184,12705,12705,125835,125835,6574,6574,60597,60597,46611,46611,14816,14816,122075,122075,17979,17979,150169,150169,57205,57205,7020,7020,8146,8146,2630,2630,20711,20711,28307,28307,5814,5814,17378,17378,126160,126160,36620,36620,150651,150651,5351,5351,50368,50368,235308,235308,36308,36308,26791,26791,19617,19617,78887,78887,71888,71888,241732,241732,145058,145058,16422,16422
32,3399,3399,7169,7169,20260,20260,197433,197433,34844,34844,16709,16709,55430,55430,10882,10882,85371,85371,13004,13004,125381,125381,6629,6629,60555,60555,43790,43790,14587,14587,123081,123081,18348,18348,150166,150166,57691,57691,7196,7196,8330,8330,2454,2454,20833,20833,28772,28772,5996,5996,16863,16863,124486,124486,37573,37573,150499,150499,5417,5417,48293,48293,234578,234578,36509,36509,27247,27247,18854,18854,81220,81220,69270,69270,239689,239689,143158,143158,15860,15860
33,3424,3424,6825,6825,19722,19722,194975,194975,34189,34189,15781,15781,54605,54605,10942,10942,85444,85444,12754,12754,125387,125387,6667,6667,60685,60685,42652,42652,14817,14817,123725,123725,18124,18124,151977,151977,56546,56546,6983,6983,8338,8338,2743,2743,20242,20242,28782,28782,5613,5613,17178,17178,126806,126806,37026,37026,151100,151100,5471,5471,44426,44426,230836,230836,36735,36735,27274,27274,18414,18414,78713,78713,70651,70651,241682,241682,139749,139749,16328,16328
34,3183,3183,6970,6970,19301,19301,190379,190379,34634,34634,16079,16079,55291,55291,10655,10655,86124,86124,12611,12611,125572,125572,6525,6525,60619,60619,41583,41583,14622,14622,124105,124105,18730,18730,152785,152785,56689,56689,6971,6971,8289,8289,2693,2693,19668,19668,29393,29393,5988,5988,16551,16551,126249,126249,37444,37444,152203,152203,5425,5425,43651,43651,229946,229946,36478,36478,26603,26603,17625,17625,79589,79589,69696,69696,241793,241793,135255,135255,15954,15954
35,3172,3172,6731,6731,19888,19888,191534,191534,34245,34245,15512,15512,55165,55165,10886,10886,85764,85764,13247,13247,125270,125270,6661,6661,62659,62659,42086,42086,14462,14462,125448,125448,18299,18299,151509,151509,57262,57262,6931,6931,8172,8172,2692,2692,19659,19659,28990,28990,5740,5740,17093,17093,126578,126578,36697,36697,152717,152717,5327,5327,43632,43632,228281,228281,35736,35736,26602,26602,17349,17349,79549,79549,68602,68602,240298,240298,126130,126130,15919,15919
36,3303,3303,7127,7127,19425,19425,190274,190274,33398,33398,15336,15336,55571,55571,10590,10590,87055,87055,12924,12924,126226,126226,6490,6490,58762,58762,45339,45339,14717,14717,128625,128625,18891,18891,150721,150721,55813,55813,7158,7158,8110,8110,2517,2517,19871,19871,28023,28023,5528,5528,17684,17684,126403,126403,37154,37154,152942,152942,5423,5423,43628,43628,229788,229788,34686,34686,26790,26790,17584,17584,80530,80530,67653,67653,242237,242237,111590,111590,16079,16079
37,3365,3365,6925,6925,19829,19829,195754,195754,33693,33693,15528,15528,54590,54590,10594,10594,86239,86239,12745,12745,126275,126275,6225,6225,60809,60809,48777,48777,14714,14714,134313,134313,18149,18149,151372,151372,56268,56268,6720,6720,8190,8190,2586,2586,19106,19106,28671,28671,5701,5701,17478,17478,127445,127445,36827,36827,151006,151006,5400,5400,42558,42558,226411,226411,34376,34376,26188,26188,17662,17662,81555,81555,65799,65799,241535,241535,92897,92897,15905,15905
38,3285,3285,6933,6933,19702,19702,198422,198422,33580,33580,15165,15165,55196,55196,10375,10375,89059,89059,12794,12794,123268,123268,6563,6563,61112,61112,52585,52585,14626,14626,140083,140083,18686,18686,154179,154179,56311,56311,7081,7081,8168,8168,2663,2663,19000,19000,28799,28799,5725,5725,17533,17533,126641,126641,37358,37358,152484,152484,5314,5314,42441,42441,226699,226699,33910,33910,26482,26482,17199,17199,80216,80216,65114,65114,243050,243050,76159,76159,15859,15859
39,3475,3475,6593,6593,19492,19492,197725,197725,33664,33664,15447,15447,54695,54695,10665,10665,88548,88548,12858,12858,123648,123648,6371,6371,61154,61154,52225,52225,14409,14409,143547,143547,19108,19108,152686,152686,56535,56535,6719,6719,7796,7796,2494,2494,19074,19074,29157,29157,5588,5588,17103,17103,126412,126412,36706,36706,153538,153538,5416,5416,42587,42587,225568,225568,33767,33767,26007,26007,17890,17890,80519,80519,63738,63738,243450,243450,68148,68148,16144,16144
40,3253,3253,6763,6763,19403,19403,194242,194242,34202,34202,15435,15435,54924,54924,10661,10661,86882,86882,12330,12330,126169,126169,6391,6391,60667,60667,47685,47685,14352,14352,146772,146772,18776,18776,153169,153169,58745,58745,6956,6956,8082,8082,2477,2477,18815,18815,28476,28476,5688,5688,16950,16950,126314,126314,37224,37224,153791,153791,5260,5260,41647,41647,225826,225826,33211,33211,25357,25357,17262,17262,80566,80566,62066,62066,243900,243900,63238,63238,15911,15911
