 ,IntDen1,RawIntDen1,IntDen2,RawIntDen2,IntDen3,RawIntDen3,IntDen4,RawIntDen4,IntDen5,RawIntDen5,IntDen6,RawIntDen6,IntDen7,RawIntDen7,IntDen8,RawIntDen8,IntDen9,RawIntDen9,IntDen10,RawIntDen10,IntDen11,RawIntDen11,IntDen12,RawIntDen12,IntDen13,RawIntDen13,IntDen14,RawIntDen14,IntDen15,RawIntDen15,IntDen16,RawIntDen16,IntDen17,RawIntDen17,IntDen18,RawIntDen18,IntDen19,RawIntDen19,IntDen20,RawIntDen20,IntDen21,RawIntDen21,IntDen22,RawIntDen22,IntDen23,RawIntDen23,IntDen24,RawIntDen24,IntDen25,RawIntDen25,IntDen26,RawIntDen26,IntDen27,RawIntDen27,IntDen28,RawIntDen28,IntDen29,RawIntDen29,IntDen30,RawIntDen30,IntDen31,RawIntDen31,IntDen32,RawIntDen32,IntDen33,RawIntDen33,IntDen34,RawIntDen34,IntDen35,RawIntDen35,IntDen36,RawIntDen36,IntDen37,RawIntDen37,IntDen38,RawIntDen38,IntDen39,RawIntDen39,IntDen40,RawIntDen40,IntDen41,RawIntDen41,IntDen42,RawIntDen42,IntDen43,RawIntDen43,IntDen44,RawIntDen44,IntDen45,RawIntDen45,IntDen46,RawIntDen46,IntDen47,RawIntDen47,IntDen48,RawIntDen48,IntDen49,RawIntDen49,IntDen50,RawIntDen50,IntDen51,RawIntDen51,IntDen52,RawIntDen52,IntDen53,RawIntDen53,IntDen54,RawIntDen54,IntDen55,RawIntDen55,IntDen56,RawIntDen56,IntDen57,RawIntDen57,IntDen58,RawIntDen58,IntDen59,RawIntDen59,IntDen60,RawIntDen60,IntDen61,RawIntDen61,IntDen62,RawIntDen62,IntDen63,RawIntDen63,IntDen64,RawIntDen64,IntDen65,RawIntDen65,IntDen66,RawIntDen66,IntDen67,RawIntDen67,IntDen68,RawIntDen68,IntDen69,RawIntDen69,IntDen70,RawIntDen70,IntDen71,RawIntDen71,IntDen72,RawIntDen72,IntDen73,RawIntDen73,IntDen74,RawIntDen74,IntDen75,RawIntDen75,IntDen76,RawIntDen76,IntDen77,RawIntDen77,IntDen78,RawIntDen78,IntDen79,RawIntDen79,IntDen80,RawIntDen80,IntDen81,RawIntDen81,IntDen82,RawIntDen82,IntDen83,RawIntDen83,IntDen84,RawIntDen84,IntDen85,RawIntDen85,IntDen86,RawIntDen86,IntDen87,RawIntDen87,IntDen88,RawIntDen88,IntDen89,RawIntDen89,IntDen90,RawIntDen90,IntDen91,RawIntDen91,IntDen92,RawIntDen92,IntDen93,RawIntDen93,IntDen94,RawIntDen94,IntDen95,RawIntDen95,IntDen96,RawIntDen96,IntDen97,RawIntDen97,IntDen98,RawIntDen98,IntDen99,RawIntDen99,IntDen100,RawIntDen100,IntDen101,RawIntDen101,IntDen102,RawIntDen102,IntDen103,RawIntDen103,IntDen104,RawIntDen104,IntDen105,RawIntDen105,IntDen106,RawIntDen106,IntDen107,RawIntDen107,IntDen108,RawIntDen108,IntDen109,RawIntDen109,IntDen110,RawIntDen110,IntDen111,RawIntDen111,IntDen112,RawIntDen112,IntDen113,RawIntDen113,IntDen114,RawIntDen114,IntDen115,RawIntDen115,IntDen116,RawIntDen116,IntDen117,RawIntDen117,IntDen118,RawIntDen118,IntDen119,RawIntDen119,IntDen120,RawIntDen120,IntDen121,RawIntDen121,IntDen122,RawIntDen122,IntDen123,RawIntDen123,IntDen124,RawIntDen124,IntDen125,RawIntDen125,IntDen126,RawIntDen126,IntDen127,RawIntDen127,IntDen128,RawIntDen128,IntDen129,RawIntDen129,IntDen130,RawIntDen130,IntDen131,RawIntDen131,IntDen132,RawIntDen132,IntDen133,RawIntDen133,IntDen134,RawIntDen134,IntDen135,RawIntDen135,IntDen136,RawIntDen136,IntDen137,RawIntDen137,IntDen138,RawIntDen138,IntDen139,RawIntDen139,IntDen140,RawIntDen140,IntDen141,RawIntDen141,IntDen142,RawIntDen142
1,21758,21758,39624,39624,13186,13186,16707,16707,30136,30136,20945,20945,25466,25466,30911,30911,78569,78569,81242,81242,19333,19333,27979,27979,62595,62595,20539,20539,19617,19617,9406,9406,35598,35598,10835,10835,60440,60440,37486,37486,12437,12437,20483,20483,36007,36007,52278,52278,34418,34418,44054,44054,45024,45024,15809,15809,35620,35620,21341,21341,33842,33842,25341,25341,99547,99547,33658,33658,23321,23321,28193,28193,3431,3431,14489,14489,51969,51969,52727,52727,26952,26952,22264,22264,21098,21098,8044,8044,30226,30226,45739,45739,26940,26940,26085,26085,30394,30394,21985,21985,42679,42679,82899,82899,14042,14042,30320,30320,30495,30495,43255,43255,50795,50795,36674,36674,36045,36045,18586,18586,42921,42921,21984,21984,25938,25938,56540,56540,11196,11196,23783,23783,33946,33946,28105,28105,47702,47702,48308,48308,9934,9934,54884,54884,14862,14862,97639,97639,79688,79688,25585,25585,33102,33102,15021,15021,10073,10073,43138,43138,42365,42365,34566,34566,21208,21208,10031,10031,40270,40270,13644,13644,19609,19609,10682,10682,47067,47067,8040,8040,13750,13750,14420,14420,20053,20053,18618,18618,28420,28420,22309,22309,20663,20663,17251,17251,12863,12863,77845,77845,47021,47021,22461,22461,23605,23605,20477,20477,19561,19561,20339,20339,27189,27189,32616,32616,19868,19868,22481,22481,59472,59472,19471,19471,41136,41136,22803,22803,22270,22270,21587,21587,9960,9960,35441,35441,20066,20066,119861,119861,28392,28392,10911,10911,14940,14940,16110,16110,24559,24559,30791,30791,29536,29536,15477,15477,15518,15518,12600,12600,16649,16649,8497,8497,36003,36003,28270,28270,29675,29675,7863,7863,3038,3038,42893,42893,8670,8670,18757,18757,16993,16993,22097,22097
2,21886,21886,41593,41593,13332,13332,15802,15802,29739,29739,21367,21367,25334,25334,31455,31455,86984,86984,86841,86841,20179,20179,34184,34184,63550,63550,22247,22247,19456,19456,9012,9012,35099,35099,10798,10798,56158,56158,37162,37162,13434,13434,20742,20742,34840,34840,54961,54961,34104,34104,46367,46367,45609,45609,16190,16190,34731,34731,21461,21461,32288,32288,25473,25473,90206,90206,33224,33224,23999,23999,30343,30343,3388,3388,15101,15101,49608,49608,51770,51770,26925,26925,21953,21953,20784,20784,8286,8286,27139,27139,45678,45678,26902,26902,26306,26306,31098,31098,29364,29364,49066,49066,80853,80853,13914,13914,30604,30604,30089,30089,43326,43326,61129,61129,36674,36674,36395,36395,19020,19020,46955,46955,21401,21401,26322,26322,56019,56019,10748,10748,24937,24937,34957,34957,29024,29024,45879,45879,48405,48405,10003,10003,56954,56954,15078,15078,92784,92784,78371,78371,26306,26306,34268,34268,14643,14643,9747,9747,42568,42568,41820,41820,33300,33300,20706,20706,10070,10070,38767,38767,13785,13785,20080,20080,10583,10583,45671,45671,7847,7847,13883,13883,14449,14449,19831,19831,18350,18350,30125,30125,21792,21792,21306,21306,18314,18314,13359,13359,76781,76781,47816,47816,23103,23103,24346,24346,20777,20777,19518,19518,20964,20964,26371,26371,32696,32696,20623,20623,23176,23176,59780,59780,19702,19702,41065,41065,22666,22666,22154,22154,22252,22252,9702,9702,35698,35698,20193,20193,119776,119776,28947,28947,10755,10755,15282,15282,17195,17195,24322,24322,30838,30838,28517,28517,16803,16803,15831,15831,12764,12764,17508,17508,8415,8415,35265,35265,27805,27805,29951,29951,7961,7961,3077,3077,41922,41922,8660,8660,19097,19097,16328,16328,18922,18922
3,22264,22264,41758,41758,13564,13564,16231,16231,29338,29338,22146,22146,25943,25943,32318,32318,91957,91957,92654,92654,20739,20739,35033,35033,63877,63877,24262,24262,19211,19211,9629,9629,35270,35270,10624,10624,59668,59668,37456,37456,14719,14719,20616,20616,35342,35342,53274,53274,34639,34639,50053,50053,45869,45869,16039,16039,34311,34311,21688,21688,31570,31570,25971,25971,84510,84510,33228,33228,25624,25624,47866,47866,3648,3648,15409,15409,47344,47344,50527,50527,27304,27304,21742,21742,21347,21347,8417,8417,26088,26088,46943,46943,26509,26509,27346,27346,31887,31887,31358,31358,51765,51765,78672,78672,14108,14108,31066,31066,30636,30636,42452,42452,60214,60214,37076,37076,36387,36387,19556,19556,55280,55280,20918,20918,27244,27244,54308,54308,10751,10751,24242,24242,34553,34553,29806,29806,45817,45817,48719,48719,10069,10069,53839,53839,15020,15020,89123,89123,78298,78298,25473,25473,35017,35017,15018,15018,9889,9889,42986,42986,44481,44481,32976,32976,20717,20717,9943,9943,38944,38944,13871,13871,19763,19763,10821,10821,45954,45954,7936,7936,13671,13671,14850,14850,20052,20052,18418,18418,32186,32186,23014,23014,21688,21688,19109,19109,13457,13457,74838,74838,47345,47345,23515,23515,25019,25019,20550,20550,20260,20260,21140,21140,26989,26989,33121,33121,19783,19783,24275,24275,60665,60665,19773,19773,41854,41854,23128,23128,22244,22244,21789,21789,10044,10044,35900,35900,20637,20637,122094,122094,29657,29657,10932,10932,15438,15438,17072,17072,24176,24176,31392,31392,28819,28819,17425,17425,15908,15908,12968,12968,17444,17444,8813,8813,34852,34852,27981,27981,30674,30674,8276,8276,3183,3183,41199,41199,9152,9152,19501,19501,15300,15300,16224,16224
4,22495,22495,42200,42200,13785,13785,16064,16064,30252,30252,23461,23461,26147,26147,32851,32851,98877,98877,99098,99098,20740,20740,35230,35230,65945,65945,24805,24805,19693,19693,10078,10078,34705,34705,10839,10839,58976,58976,38439,38439,14620,14620,20750,20750,35273,35273,53983,53983,34936,34936,53143,53143,46397,46397,16341,16341,33549,33549,22011,22011,30612,30612,30541,30541,81592,81592,33880,33880,32906,32906,84232,84232,3925,3925,15830,15830,46718,46718,49830,49830,28037,28037,21259,21259,21301,21301,8294,8294,25251,25251,47213,47213,25951,25951,27929,27929,33654,33654,32390,32390,57904,57904,78445,78445,13806,13806,31334,31334,30570,30570,44021,44021,60480,60480,38455,38455,36374,36374,20935,20935,76949,76949,21213,21213,27400,27400,55151,55151,10819,10819,23503,23503,35959,35959,29320,29320,45022,45022,49758,49758,10099,10099,46577,46577,14816,14816,89538,89538,79727,79727,27794,27794,36494,36494,14995,14995,10323,10323,43020,43020,52881,52881,32905,32905,20945,20945,10032,10032,38789,38789,14444,14444,19970,19970,10513,10513,46026,46026,8320,8320,13615,13615,15148,15148,22555,22555,18822,18822,36570,36570,22986,22986,22407,22407,20488,20488,13625,13625,76407,76407,49261,49261,24131,24131,24933,24933,21257,21257,19876,19876,20773,20773,27584,27584,33175,33175,20195,20195,24942,24942,60250,60250,19932,19932,42859,42859,23752,23752,22258,22258,22195,22195,10479,10479,35726,35726,21341,21341,123456,123456,30653,30653,10566,10566,15208,15208,17224,17224,24768,24768,32146,32146,28990,28990,17444,17444,15810,15810,12744,12744,17773,17773,8790,8790,34245,34245,28327,28327,30742,30742,8195,8195,3191,3191,40075,40075,9240,9240,19892,19892,15783,15783,16262,16262
5,22220,22220,43565,43565,14027,14027,15598,15598,30421,30421,23713,23713,26595,26595,33269,33269,105059,105059,99141,99141,21329,21329,35778,35778,66337,66337,26370,26370,19627,19627,11509,11509,35712,35712,11001,11001,57887,57887,38366,38366,14999,14999,21010,21010,34858,34858,54863,54863,34372,34372,52696,52696,47236,47236,17584,17584,34424,34424,21835,21835,30612,30612,45606,45606,77252,77252,34112,34112,46160,46160,89338,89338,4068,4068,15826,15826,45135,45135,51412,51412,28033,28033,22060,22060,22153,22153,8342,8342,24968,24968,50246,50246,26107,26107,28397,28397,33613,33613,32258,32258,58029,58029,76826,76826,13649,13649,31631,31631,31118,31118,44141,44141,60871,60871,42215,42215,36417,36417,22270,22270,95334,95334,21920,21920,27637,27637,54780,54780,10593,10593,22654,22654,35758,35758,30120,30120,43780,43780,48604,48604,10312,10312,41596,41596,15123,15123,92287,92287,79923,79923,35117,35117,36736,36736,15383,15383,9975,9975,43390,43390,73071,73071,31772,31772,21677,21677,10222,10222,38817,38817,14729,14729,20478,20478,10673,10673,46332,46332,8113,8113,13253,13253,15306,15306,31797,31797,18780,18780,36022,36022,23328,23328,22730,22730,22445,22445,13325,13325,75692,75692,50270,50270,24134,24134,24924,24924,21341,21341,19788,19788,21393,21393,28179,28179,34469,34469,19334,19334,26051,26051,60121,60121,20341,20341,42836,42836,23711,23711,21821,21821,22381,22381,10266,10266,35804,35804,21661,21661,124957,124957,31624,31624,10073,10073,15736,15736,17522,17522,24925,24925,31861,31861,28924,28924,17868,17868,16007,16007,13100,13100,18242,18242,8781,8781,34521,34521,27535,27535,33164,33164,8470,8470,3154,3154,39398,39398,9274,9274,20394,20394,16369,16369,15934,15934
6,22605,22605,44303,44303,13601,13601,16195,16195,31221,31221,24267,24267,26324,26324,33774,33774,108460,108460,102079,102079,20717,20717,35855,35855,66967,66967,25999,25999,19810,19810,17345,17345,35366,35366,11162,11162,60252,60252,38040,38040,15144,15144,21430,21430,34948,34948,54751,54751,34186,34186,54072,54072,47194,47194,17884,17884,36548,36548,22144,22144,30074,30074,52637,52637,74432,74432,33563,33563,58098,58098,89405,89405,4279,4279,15441,15441,43750,43750,54239,54239,28370,28370,23492,23492,21777,21777,8378,8378,24355,24355,51757,51757,26347,26347,28712,28712,34299,34299,32879,32879,59110,59110,76033,76033,13853,13853,32173,32173,30689,30689,44503,44503,57857,57857,46151,46151,36518,36518,22785,22785,98922,98922,21754,21754,27884,27884,53809,53809,10612,10612,20689,20689,35819,35819,31634,31634,43902,43902,50251,50251,10423,10423,41615,41615,14673,14673,93323,93323,80408,80408,48599,48599,36542,36542,15790,15790,10495,10495,43866,43866,94581,94581,31751,31751,21883,21883,10675,10675,38815,38815,15696,15696,24955,24955,10934,10934,46762,46762,8022,8022,13281,13281,15871,15871,43318,43318,18930,18930,36100,36100,23304,23304,22813,22813,23412,23412,13945,13945,76019,76019,49565,49565,24322,24322,24768,24768,21998,21998,20092,20092,21888,21888,27686,27686,37699,37699,19712,19712,26195,26195,60419,60419,20715,20715,44041,44041,24203,24203,21645,21645,22518,22518,10238,10238,36085,36085,22192,22192,125814,125814,33989,33989,10229,10229,15833,15833,17973,17973,24696,24696,33352,33352,29676,29676,17576,17576,16648,16648,12780,12780,18384,18384,8872,8872,34479,34479,27265,27265,47520,47520,8254,8254,3360,3360,40438,40438,9367,9367,20522,20522,16866,16866,14474,14474
7,22729,22729,44962,44962,14039,14039,15655,15655,31959,31959,23929,23929,26414,26414,34722,34722,109841,109841,102776,102776,21371,21371,35461,35461,68552,68552,26468,26468,20044,20044,28605,28605,35937,35937,11053,11053,59878,59878,38521,38521,15504,15504,21045,21045,35530,35530,55836,55836,34188,34188,54904,54904,47002,47002,18551,18551,36137,36137,22557,22557,29862,29862,50665,50665,72444,72444,33750,33750,47299,47299,90642,90642,4316,4316,16163,16163,42398,42398,57974,57974,28687,28687,23281,23281,21801,21801,8960,8960,24128,24128,52737,52737,26598,26598,28724,28724,34349,34349,32488,32488,60223,60223,74201,74201,13943,13943,32506,32506,30527,30527,44834,44834,48246,48246,48675,48675,36805,36805,22743,22743,98410,98410,21626,21626,28232,28232,54399,54399,10897,10897,19367,19367,36491,36491,32002,32002,43586,43586,50667,50667,10552,10552,41729,41729,15452,15452,89701,89701,80490,80490,53078,53078,37787,37787,15765,15765,10459,10459,46551,46551,94813,94813,31914,31914,22604,22604,13965,13965,37980,37980,16042,16042,26244,26244,10860,10860,47395,47395,8162,8162,13329,13329,16103,16103,43433,43433,18924,18924,36569,36569,23240,23240,22880,22880,24159,24159,13709,13709,75724,75724,51228,51228,24459,24459,23817,23817,21771,21771,20410,20410,21981,21981,28141,28141,45354,45354,19101,19101,26835,26835,58906,58906,20805,20805,43145,43145,24500,24500,22425,22425,22849,22849,9805,9805,36080,36080,22080,22080,125479,125479,36303,36303,9894,9894,15830,15830,17905,17905,24671,24671,32951,32951,29926,29926,17283,17283,16471,16471,12900,12900,18919,18919,8825,8825,34288,34288,26763,26763,70317,70317,8396,8396,3223,3223,39153,39153,9312,9312,21120,21120,15795,15795,12861,12861
8,22247,22247,44880,44880,14090,14090,15503,15503,33008,33008,24490,24490,27250,27250,35997,35997,112145,112145,105347,105347,20873,20873,35642,35642,69580,69580,27312,27312,19307,19307,27181,27181,35036,35036,11006,11006,58191,58191,39222,39222,15071,15071,21054,21054,35170,35170,56986,56986,34805,34805,54234,54234,46583,46583,18522,18522,37901,37901,22620,22620,29979,29979,51489,51489,70161,70161,33345,33345,39550,39550,90485,90485,4392,4392,16427,16427,41257,41257,64386,64386,28570,28570,23661,23661,21641,21641,9037,9037,25173,25173,55615,55615,25873,25873,29089,29089,35252,35252,32794,32794,59693,59693,72795,72795,13855,13855,32563,32563,30769,30769,45686,45686,40888,40888,49213,49213,37554,37554,22727,22727,96889,96889,21041,21041,27789,27789,53383,53383,10953,10953,19343,19343,36818,36818,32040,32040,42548,42548,50303,50303,10297,10297,42684,42684,14768,14768,89418,89418,80683,80683,55744,55744,39154,39154,16391,16391,10518,10518,51954,51954,96106,96106,31586,31586,22628,22628,17803,17803,38305,38305,16419,16419,26530,26530,10671,10671,47688,47688,8107,8107,12985,12985,16291,16291,43554,43554,18858,18858,36480,36480,23682,23682,22707,22707,25441,25441,13827,13827,76663,76663,52567,52567,24270,24270,23392,23392,21714,21714,19973,19973,22194,22194,28325,28325,47060,47060,19425,19425,27465,27465,60075,60075,21061,21061,43002,43002,24648,24648,21682,21682,24130,24130,10238,10238,36529,36529,22108,22108,125206,125206,37147,37147,9796,9796,15745,15745,17918,17918,24825,24825,32684,32684,29701,29701,17252,17252,16180,16180,13085,13085,19108,19108,9121,9121,34076,34076,27402,27402,79445,79445,8676,8676,3314,3314,39933,39933,9794,9794,21011,21011,15906,15906,11890,11890
9,22574,22574,47185,47185,14070,14070,15727,15727,36828,36828,24435,24435,27352,27352,36468,36468,114706,114706,106887,106887,21005,21005,35526,35526,69925,69925,34040,34040,19667,19667,25517,25517,35477,35477,10791,10791,58879,58879,39342,39342,16313,16313,20797,20797,34953,34953,56280,56280,34654,34654,56114,56114,46478,46478,18663,18663,41351,41351,22361,22361,30274,30274,51709,51709,67834,67834,33447,33447,35431,35431,91314,91314,4148,4148,16324,16324,40105,40105,75844,75844,29186,29186,24875,24875,21781,21781,8384,8384,25263,25263,86351,86351,25568,25568,28490,28490,39288,39288,33311,33311,59848,59848,71048,71048,13709,13709,32486,32486,30836,30836,46036,46036,36593,36593,48294,48294,37351,37351,24138,24138,96068,96068,21843,21843,28676,28676,53826,53826,11353,11353,18303,18303,37034,37034,32087,32087,42452,42452,52212,52212,10448,10448,41323,41323,14946,14946,87107,87107,81529,81529,58497,58497,40081,40081,17395,17395,10490,10490,59353,59353,100549,100549,32119,32119,22881,22881,17825,17825,37558,37558,16564,16564,25954,25954,10546,10546,48376,48376,8024,8024,13308,13308,16649,16649,44532,44532,18983,18983,36639,36639,23544,23544,22781,22781,26552,26552,13842,13842,75456,75456,53033,53033,25409,25409,23255,23255,22240,22240,20851,20851,22128,22128,27945,27945,47937,47937,18895,18895,27679,27679,66749,66749,21763,21763,43224,43224,25148,25148,22387,22387,23527,23527,10284,10284,36027,36027,22280,22280,126833,126833,38595,38595,9710,9710,16117,16117,18163,18163,24441,24441,33159,33159,28378,28378,17321,17321,16558,16558,12780,12780,18924,18924,9084,9084,34756,34756,27190,27190,75920,75920,8509,8509,3464,3464,40184,40184,10025,10025,21161,21161,15095,15095,11081,11081
10,22409,22409,50448,50448,14300,14300,15232,15232,44297,44297,24835,24835,27679,27679,36649,36649,114055,114055,113741,113741,21568,21568,36923,36923,70259,70259,53855,53855,19904,19904,25456,25456,35105,35105,10806,10806,60360,60360,38271,38271,16168,16168,21937,21937,35065,35065,56707,56707,34433,34433,55069,55069,45965,45965,18573,18573,45431,45431,22782,22782,30776,30776,52129,52129,67883,67883,32642,32642,33060,33060,90762,90762,4526,4526,16277,16277,39451,39451,84614,84614,29356,29356,25755,25755,21588,21588,8451,8451,25576,25576,145272,145272,25371,25371,28935,28935,60079,60079,33958,33958,60495,60495,70074,70074,14130,14130,32695,32695,30792,30792,45882,45882,35020,35020,48483,48483,37627,37627,24594,24594,94321,94321,21596,21596,28887,28887,54739,54739,11366,11366,18039,18039,36248,36248,31914,31914,41998,41998,51494,51494,10567,10567,40016,40016,15692,15692,86857,86857,83062,83062,60865,60865,40095,40095,19333,19333,11148,11148,66527,66527,102184,102184,31507,31507,22966,22966,17646,17646,37674,37674,17573,17573,26568,26568,11203,11203,48504,48504,8358,8358,13178,13178,16370,16370,45793,45793,19633,19633,36021,36021,24264,24264,22871,22871,27950,27950,13964,13964,76035,76035,54111,54111,26257,26257,23130,23130,22782,22782,20426,20426,22559,22559,27872,27872,47183,47183,20101,20101,27781,27781,84061,84061,21777,21777,43368,43368,25615,25615,22464,22464,24772,24772,10436,10436,36875,36875,22055,22055,127588,127588,38930,38930,10361,10361,15776,15776,18632,18632,25113,25113,33552,33552,28711,28711,17436,17436,17062,17062,13208,13208,18969,18969,9001,9001,34783,34783,27421,27421,58801,58801,8672,8672,3534,3534,39698,39698,10324,10324,20728,20728,14952,14952,10809,10809
11,22824,22824,54542,54542,14546,14546,15046,15046,49498,49498,25766,25766,27824,27824,36668,36668,121978,121978,120572,120572,22051,22051,38264,38264,71004,71004,56299,56299,19668,19668,22841,22841,35605,35605,11041,11041,60317,60317,39707,39707,15577,15577,20591,20591,34587,34587,60158,60158,34786,34786,55566,55566,46320,46320,18548,18548,44420,44420,22856,22856,32412,32412,49965,49965,64611,64611,32880,32880,32174,32174,90458,90458,4546,4546,16195,16195,38494,38494,89957,89957,29137,29137,25398,25398,21392,21392,8554,8554,25464,25464,167084,167084,25649,25649,27844,27844,97856,97856,32432,32432,58934,58934,69062,69062,13533,13533,32869,32869,30321,30321,45422,45422,32997,32997,46590,46590,36574,36574,24637,24637,96220,96220,21019,21019,29843,29843,53616,53616,10973,10973,17611,17611,36376,36376,31541,31541,42936,42936,50444,50444,10708,10708,39875,39875,15175,15175,85837,85837,79613,79613,60915,60915,41525,41525,19312,19312,10287,10287,66323,66323,98038,98038,29910,29910,22344,22344,17417,17417,36883,36883,18032,18032,26273,26273,10834,10834,48147,48147,7806,7806,12951,12951,17022,17022,42734,42734,18649,18649,36911,36911,24205,24205,22573,22573,30949,30949,13725,13725,74315,74315,54833,54833,28120,28120,23227,23227,22304,22304,20786,20786,22113,22113,28074,28074,46725,46725,19358,19358,27638,27638,106803,106803,21558,21558,43566,43566,25471,25471,22055,22055,24646,24646,10268,10268,36429,36429,22400,22400,123719,123719,39196,39196,9605,9605,15934,15934,18700,18700,24538,24538,33709,33709,28777,28777,17572,17572,16280,16280,12850,12850,19634,19634,8937,8937,34274,34274,28327,28327,50283,50283,8694,8694,3494,3494,39900,39900,9990,9990,20907,20907,15463,15463,10088,10088
12,23263,23263,53345,53345,14314,14314,15032,15032,53900,53900,26161,26161,28584,28584,36942,36942,120101,120101,120357,120357,21826,21826,38260,38260,71424,71424,58857,58857,19583,19583,21971,21971,34639,34639,10517,10517,60117,60117,39635,39635,15507,15507,20461,20461,33738,33738,59946,59946,35653,35653,55733,55733,46163,46163,18137,18137,42939,42939,22636,22636,32800,32800,48250,48250,63105,63105,32239,32239,31813,31813,84253,84253,4687,4687,16550,16550,37920,37920,88162,88162,28444,28444,25521,25521,21213,21213,8632,8632,24921,24921,170220,170220,25432,25432,27329,27329,115694,115694,30903,30903,55893,55893,68911,68911,13642,13642,32108,32108,30568,30568,45139,45139,31825,31825,44857,44857,36407,36407,24722,24722,96365,96365,20202,20202,30571,30571,52128,52128,11070,11070,17608,17608,36082,36082,31062,31062,41389,41389,50711,50711,10735,10735,40305,40305,14559,14559,85106,85106,78816,78816,54811,54811,41793,41793,19260,19260,9927,9927,65420,65420,95897,95897,29686,29686,20904,20904,16953,16953,36879,36879,17918,17918,26033,26033,10567,10567,48633,48633,8220,8220,12929,12929,17017,17017,40282,40282,18641,18641,35972,35972,24205,24205,22285,22285,31204,31204,14011,14011,72251,72251,56011,56011,34123,34123,22840,22840,22206,22206,21005,21005,22058,22058,28441,28441,46385,46385,19455,19455,27308,27308,121653,121653,21353,21353,43122,43122,25281,25281,21591,21591,24616,24616,11069,11069,36124,36124,22260,22260,121955,121955,37932,37932,9807,9807,16470,16470,19076,19076,24329,24329,33902,33902,29476,29476,17795,17795,17139,17139,12842,12842,20326,20326,9178,9178,34351,34351,28858,28858,47021,47021,8573,8573,3460,3460,39547,39547,10013,10013,21030,21030,15791,15791,9771,9771
13,23802,23802,53115,53115,14318,14318,14667,14667,55003,55003,25870,25870,28561,28561,36837,36837,119331,119331,120338,120338,21890,21890,38580,38580,71972,71972,59132,59132,19777,19777,22999,22999,34348,34348,10863,10863,60148,60148,38231,38231,15372,15372,20455,20455,34909,34909,59299,59299,35701,35701,56084,56084,46747,46747,18451,18451,43850,43850,22245,22245,32895,32895,48703,48703,62279,62279,32044,32044,30809,30809,85265,85265,4725,4725,16121,16121,37581,37581,90081,90081,29201,29201,25605,25605,21562,21562,9029,9029,24715,24715,169857,169857,24958,24958,27574,27574,109014,109014,31874,31874,56965,56965,66949,66949,13598,13598,32323,32323,30215,30215,45173,45173,30419,30419,45268,45268,36917,36917,24733,24733,94554,94554,20399,20399,30884,30884,52873,52873,10736,10736,17695,17695,36186,36186,31674,31674,41319,41319,51456,51456,10355,10355,43083,43083,14174,14174,85287,85287,79642,79642,58528,58528,41512,41512,18825,18825,10360,10360,66910,66910,96859,96859,29972,29972,20610,20610,16910,16910,37108,37108,19411,19411,26153,26153,11098,11098,50703,50703,8071,8071,13454,13454,16876,16876,40399,40399,18348,18348,35855,35855,23605,23605,22896,22896,32112,32112,14138,14138,74324,74324,57295,57295,37777,37777,23206,23206,22149,22149,20706,20706,22205,22205,28055,28055,46264,46264,19305,19305,27700,27700,132849,132849,22526,22526,43366,43366,24784,24784,22048,22048,24599,24599,10898,10898,36372,36372,21991,21991,122628,122628,39975,39975,9883,9883,16023,16023,18927,18927,23921,23921,34211,34211,29580,29580,17586,17586,16777,16777,12948,12948,20978,20978,9032,9032,34658,34658,30007,30007,45080,45080,8582,8582,3630,3630,39990,39990,10416,10416,21140,21140,15713,15713,9755,9755
14,22717,22717,53637,53637,14057,14057,15041,15041,56751,56751,26235,26235,28518,28518,37105,37105,119337,119337,122201,122201,21925,21925,38596,38596,70664,70664,59001,59001,19328,19328,20609,20609,34922,34922,10645,10645,60937,60937,38860,38860,15732,15732,20670,20670,34557,34557,59788,59788,35270,35270,55200,55200,45985,45985,18606,18606,43881,43881,22840,22840,33466,33466,49483,49483,62110,62110,32318,32318,30529,30529,88226,88226,4813,4813,16483,16483,35795,35795,91063,91063,29064,29064,26257,26257,21183,21183,8634,8634,25151,25151,171765,171765,25975,25975,27977,27977,102799,102799,32020,32020,57798,57798,66663,66663,13996,13996,31925,31925,30472,30472,45191,45191,29672,29672,45280,45280,37159,37159,25077,25077,94188,94188,20578,20578,31504,31504,52140,52140,11413,11413,17291,17291,36312,36312,31288,31288,41182,41182,51049,51049,10793,10793,47861,47861,14094,14094,85144,85144,79352,79352,59381,59381,41302,41302,19127,19127,10373,10373,68122,68122,99352,99352,29811,29811,20055,20055,17088,17088,36471,36471,19554,19554,25907,25907,10908,10908,56588,56588,8162,8162,13067,13067,17483,17483,42225,42225,19114,19114,36423,36423,23919,23919,23072,23072,31275,31275,14314,14314,74798,74798,56750,56750,38933,38933,25543,25543,21981,21981,20866,20866,21929,21929,28724,28724,47495,47495,19231,19231,27723,27723,139586,139586,21891,21891,44152,44152,25681,25681,22357,22357,25461,25461,12036,12036,36342,36342,22128,22128,123517,123517,40222,40222,9743,9743,16129,16129,19546,19546,24348,24348,34818,34818,30054,30054,17561,17561,17079,17079,12676,12676,21309,21309,9348,9348,34235,34235,35598,35598,44460,44460,8643,8643,3476,3476,40460,40460,10314,10314,21804,21804,16366,16366,9044,9044
15,23247,23247,53766,53766,14339,14339,15150,15150,57754,57754,25351,25351,28091,28091,37020,37020,121033,121033,122069,122069,22086,22086,38118,38118,70790,70790,58378,58378,19695,19695,20346,20346,34889,34889,11026,11026,60811,60811,38897,38897,16123,16123,20703,20703,34579,34579,59157,59157,34693,34693,56531,56531,45668,45668,18264,18264,43885,43885,22542,22542,33363,33363,50304,50304,60981,60981,32569,32569,30485,30485,87992,87992,4602,4602,16486,16486,35578,35578,92256,92256,29425,29425,25594,25594,21273,21273,9077,9077,24859,24859,175327,175327,25062,25062,28301,28301,94715,94715,32496,32496,58267,58267,64706,64706,13857,13857,31716,31716,30898,30898,45282,45282,29549,29549,44451,44451,37516,37516,25656,25656,92232,92232,21185,21185,31690,31690,52311,52311,10766,10766,17026,17026,37474,37474,32143,32143,40505,40505,52000,52000,10590,10590,51308,51308,14403,14403,84304,84304,82063,82063,61105,61105,41274,41274,19820,19820,10199,10199,67814,67814,100706,100706,29491,29491,20324,20324,17517,17517,36817,36817,19879,19879,26440,26440,10905,10905,69199,69199,8000,8000,13334,13334,17438,17438,42593,42593,19015,19015,36502,36502,24556,24556,23252,23252,31563,31563,13993,13993,74721,74721,57135,57135,39681,39681,33238,33238,22633,22633,21206,21206,22016,22016,28013,28013,48185,48185,19736,19736,27934,27934,141769,141769,22357,22357,43569,43569,25744,25744,22031,22031,24915,24915,10772,10772,36663,36663,21826,21826,125704,125704,40975,40975,9660,9660,16428,16428,19010,19010,24528,24528,34788,34788,30032,30032,17434,17434,17365,17365,12371,12371,21737,21737,9229,9229,34248,34248,42111,42111,43267,43267,8698,8698,3537,3537,40293,40293,10239,10239,21786,21786,16331,16331,7612,7612
16,23231,23231,54116,54116,14396,14396,15045,15045,57797,57797,26097,26097,28867,28867,37243,37243,122032,122032,123201,123201,22480,22480,37721,37721,70824,70824,59280,59280,19440,19440,20255,20255,35651,35651,10875,10875,59204,59204,39099,39099,15604,15604,21460,21460,34891,34891,59445,59445,35330,35330,56299,56299,46138,46138,18120,18120,45345,45345,22360,22360,33113,33113,50689,50689,61352,61352,32210,32210,30568,30568,87770,87770,4619,4619,16680,16680,34629,34629,93483,93483,29232,29232,26507,26507,20980,20980,8924,8924,24939,24939,176961,176961,25522,25522,28031,28031,88126,88126,33246,33246,58914,58914,63473,63473,13760,13760,31981,31981,30573,30573,45229,45229,29215,29215,45149,45149,37613,37613,25919,25919,91738,91738,21280,21280,31840,31840,52587,52587,11203,11203,16436,16436,36787,36787,33061,33061,39848,39848,52077,52077,10814,10814,51193,51193,13531,13531,85148,85148,82447,82447,60915,60915,41322,41322,19525,19525,10286,10286,68440,68440,100996,100996,29470,29470,20327,20327,17432,17432,37660,37660,20548,20548,26655,26655,10962,10962,94846,94846,7919,7919,13144,13144,17201,17201,43597,43597,18968,18968,36888,36888,24970,24970,23233,23233,31607,31607,14014,14014,75696,75696,57805,57805,40157,40157,34799,34799,22734,22734,20844,20844,22359,22359,28389,28389,47776,47776,19216,19216,28323,28323,145149,145149,21973,21973,43523,43523,25595,25595,22649,22649,25290,25290,10604,10604,37126,37126,21663,21663,125510,125510,42296,42296,9775,9775,16054,16054,18989,18989,25104,25104,34992,34992,29186,29186,17711,17711,17052,17052,12737,12737,22116,22116,9848,9848,34224,34224,43162,43162,43075,43075,8579,8579,3668,3668,40793,40793,10339,10339,22056,22056,15508,15508,7699,7699
17,22828,22828,53202,53202,14606,14606,15150,15150,57792,57792,26179,26179,27982,27982,37322,37322,119448,119448,121356,121356,22270,22270,36863,36863,70844,70844,59809,59809,19859,19859,20916,20916,35969,35969,10717,10717,59733,59733,38410,38410,16838,16838,20816,20816,35342,35342,57128,57128,34804,34804,55922,55922,45465,45465,18500,18500,45354,45354,23008,23008,33045,33045,52060,52060,59260,59260,32187,32187,29491,29491,89302,89302,4671,4671,16547,16547,33831,33831,93688,93688,29892,29892,26867,26867,21552,21552,8709,8709,24469,24469,175413,175413,24912,24912,28575,28575,82397,82397,33184,33184,59890,59890,62453,62453,14030,14030,32215,32215,31068,31068,45391,45391,29242,29242,46339,46339,37480,37480,25429,25429,86911,86911,20878,20878,34606,34606,53174,53174,11764,11764,16878,16878,36992,36992,32478,32478,39599,39599,51813,51813,10558,10558,51776,51776,13988,13988,84068,84068,82828,82828,62975,62975,41518,41518,19678,19678,10532,10532,68869,68869,101764,101764,29635,29635,19985,19985,17216,17216,36056,36056,21450,21450,26737,26737,10691,10691,130980,130980,8139,8139,13012,13012,17282,17282,44431,44431,19432,19432,36951,36951,24993,24993,23618,23618,31793,31793,14025,14025,76689,76689,57861,57861,41197,41197,35116,35116,22427,22427,21048,21048,22544,22544,28225,28225,48059,48059,19724,19724,27983,27983,146216,146216,22266,22266,44273,44273,25877,25877,22053,22053,25409,25409,11053,11053,37074,37074,21627,21627,126898,126898,41690,41690,9825,9825,16309,16309,19229,19229,24937,24937,35084,35084,29561,29561,18046,18046,17557,17557,12770,12770,21964,21964,9239,9239,34589,34589,42902,42902,42460,42460,8668,8668,3698,3698,40026,40026,10590,10590,21444,21444,15631,15631,7741,7741
18,23260,23260,52736,52736,14343,14343,15182,15182,57044,57044,25882,25882,28421,28421,36211,36211,117786,117786,120053,120053,21983,21983,36681,36681,70222,70222,59367,59367,19918,19918,20471,20471,35261,35261,10901,10901,59390,59390,38626,38626,16865,16865,21162,21162,34472,34472,55196,55196,34759,34759,57109,57109,46136,46136,18085,18085,46467,46467,22124,22124,32520,32520,51454,51454,57850,57850,31847,31847,29338,29338,89413,89413,4705,4705,16872,16872,33521,33521,93399,93399,30357,30357,26667,26667,21000,21000,9130,9130,24674,24674,177868,177868,25679,25679,28161,28161,77351,77351,32677,32677,60183,60183,62155,62155,13579,13579,31563,31563,30462,30462,45388,45388,29284,29284,47166,47166,37216,37216,24457,24457,85606,85606,21131,21131,35935,35935,51862,51862,11910,11910,16487,16487,36996,36996,31941,31941,38990,38990,51824,51824,10667,10667,51408,51408,13594,13594,85069,85069,81907,81907,63204,63204,41342,41342,19735,19735,10660,10660,67734,67734,102027,102027,29705,29705,19784,19784,17597,17597,36929,36929,21819,21819,26559,26559,11248,11248,154745,154745,7920,7920,13371,13371,17084,17084,44449,44449,18797,18797,36609,36609,24189,24189,23516,23516,31726,31726,13751,13751,75699,75699,57431,57431,40996,40996,35340,35340,22131,22131,21490,21490,22570,22570,28327,28327,47965,47965,19418,19418,28057,28057,146065,146065,22270,22270,44201,44201,25773,25773,22470,22470,25017,25017,10792,10792,37151,37151,21388,21388,126617,126617,42342,42342,9911,9911,16359,16359,19185,19185,25172,25172,35109,35109,30034,30034,17867,17867,17018,17018,12351,12351,22157,22157,9394,9394,33910,33910,43916,43916,42101,42101,8399,8399,3678,3678,40893,40893,10275,10275,21161,21161,15845,15845,7093,7093
19,23703,23703,52900,52900,14098,14098,15415,15415,57678,57678,26129,26129,28354,28354,36370,36370,118229,118229,123310,123310,22084,22084,36933,36933,70337,70337,59557,59557,19567,19567,18879,18879,35262,35262,10975,10975,57546,57546,38784,38784,16471,16471,21198,21198,34182,34182,55316,55316,35304,35304,56129,56129,46147,46147,18546,18546,47763,47763,22231,22231,32892,32892,51092,51092,57288,57288,31827,31827,28829,28829,89624,89624,4805,4805,16550,16550,32527,32527,95549,95549,30066,30066,27160,27160,20887,20887,8883,8883,24962,24962,179881,179881,25095,25095,27561,27561,71817,71817,33661,33661,60568,60568,61349,61349,14054,14054,31508,31508,30631,30631,45982,45982,28976,28976,49559,49559,37756,37756,25094,25094,81984,81984,20597,20597,35074,35074,52989,52989,11547,11547,16517,16517,37458,37458,32623,32623,39840,39840,51524,51524,10699,10699,51106,51106,13602,13602,85025,85025,82438,82438,62948,62948,41178,41178,19974,19974,11087,11087,69222,69222,102767,102767,30179,30179,20066,20066,17987,17987,37119,37119,21950,21950,26747,26747,11267,11267,162092,162092,7925,7925,13341,13341,17507,17507,43823,43823,18814,18814,37766,37766,24187,24187,23383,23383,31990,31990,13604,13604,75838,75838,56739,56739,41585,41585,35416,35416,22389,22389,21060,21060,22349,22349,29012,29012,48687,48687,19962,19962,28468,28468,146106,146106,22540,22540,43758,43758,26706,26706,21808,21808,26472,26472,10491,10491,37416,37416,21890,21890,124735,124735,42330,42330,9793,9793,16581,16581,19310,19310,25534,25534,35274,35274,30120,30120,17668,17668,17191,17191,11953,11953,21470,21470,9627,9627,34814,34814,40336,40336,41462,41462,8784,8784,3582,3582,40014,40014,10752,10752,21409,21409,16055,16055,7214,7214
20,22843,22843,51802,51802,14526,14526,16339,16339,58180,58180,25689,25689,27981,27981,37223,37223,118814,118814,123200,123200,22389,22389,37313,37313,71502,71502,59192,59192,20189,20189,18806,18806,35926,35926,10810,10810,59146,59146,39185,39185,16204,16204,21236,21236,34773,34773,55874,55874,34918,34918,56647,56647,45301,45301,18611,18611,48283,48283,21949,21949,32651,32651,50812,50812,57125,57125,32179,32179,29657,29657,90771,90771,4984,4984,17468,17468,32752,32752,94039,94039,30344,30344,27228,27228,20995,20995,8684,8684,24915,24915,180757,180757,25521,25521,27845,27845,69484,69484,33445,33445,60113,60113,60583,60583,13558,13558,32026,32026,30751,30751,44998,44998,28772,28772,52690,52690,37801,37801,25282,25282,80398,80398,20734,20734,36305,36305,52802,52802,11306,11306,16531,16531,37366,37366,32578,32578,39143,39143,52362,52362,10675,10675,52142,52142,13005,13005,85972,85972,83825,83825,64093,64093,41771,41771,20140,20140,10598,10598,69217,69217,101418,101418,29604,29604,19705,19705,17725,17725,36518,36518,22459,22459,26772,26772,10948,10948,166515,166515,7806,7806,12896,12896,17661,17661,45454,45454,19594,19594,39087,39087,24856,24856,23993,23993,32438,32438,14226,14226,76902,76902,57871,57871,42003,42003,35815,35815,22626,22626,21650,21650,22948,22948,29214,29214,47902,47902,20202,20202,28660,28660,148691,148691,22559,22559,43481,43481,26118,26118,22521,22521,27207,27207,10458,10458,37961,37961,21273,21273,126054,126054,42762,42762,10287,10287,16528,16528,19577,19577,25497,25497,35695,35695,30732,30732,17688,17688,17116,17116,12148,12148,21297,21297,9367,9367,34078,34078,43063,43063,42833,42833,8862,8862,3794,3794,40224,40224,10334,10334,21733,21733,16098,16098,7282,7282
21,22976,22976,52564,52564,14095,14095,15261,15261,57105,57105,25855,25855,28430,28430,37902,37902,120551,120551,123123,123123,22438,22438,37194,37194,69895,69895,59309,59309,19484,19484,17630,17630,35833,35833,10888,10888,58987,58987,38830,38830,16705,16705,21024,21024,35219,35219,55651,55651,36041,36041,57152,57152,45833,45833,18546,18546,47658,47658,22248,22248,33391,33391,51882,51882,55258,55258,31249,31249,29123,29123,92619,92619,4886,4886,17075,17075,32481,32481,94930,94930,30373,30373,26960,26960,21104,21104,9249,9249,24855,24855,180000,180000,25458,25458,29094,29094,64802,64802,33773,33773,61251,61251,60459,60459,14188,14188,31035,31035,30357,30357,45023,45023,28974,28974,53434,53434,37537,37537,25217,25217,78807,78807,21013,21013,36932,36932,53446,53446,11749,11749,16492,16492,37179,37179,34078,34078,38868,38868,52219,52219,10641,10641,52862,52862,13018,13018,86311,86311,83959,83959,65238,65238,41446,41446,20057,20057,11057,11057,68472,68472,102979,102979,30501,30501,20022,20022,17890,17890,36854,36854,22351,22351,27198,27198,11328,11328,166192,166192,7760,7760,13657,13657,17542,17542,44651,44651,18568,18568,42235,42235,25576,25576,23835,23835,31441,31441,13998,13998,76175,76175,58122,58122,41934,41934,35973,35973,22509,22509,20965,20965,22757,22757,28560,28560,49454,49454,20048,20048,28597,28597,149302,149302,22810,22810,43600,43600,25649,25649,21912,21912,26481,26481,12035,12035,37924,37924,21993,21993,127583,127583,43406,43406,9879,9879,16490,16490,20428,20428,25401,25401,35807,35807,30026,30026,17383,17383,17516,17516,12292,12292,21260,21260,9056,9056,34663,34663,41629,41629,42847,42847,8828,8828,3921,3921,40375,40375,10413,10413,22120,22120,15931,15931,5639,5639
22,22883,22883,53044,53044,14348,14348,15305,15305,58093,58093,26053,26053,28205,28205,37486,37486,121591,121591,125393,125393,21983,21983,37291,37291,70146,70146,58128,58128,19691,19691,15470,15470,35464,35464,11058,11058,58962,58962,39886,39886,17181,17181,20697,20697,34963,34963,55711,55711,35348,35348,56573,56573,45448,45448,18602,18602,49079,49079,22591,22591,33332,33332,53204,53204,54825,54825,31894,31894,29688,29688,91965,91965,5082,5082,17257,17257,31996,31996,95656,95656,30495,30495,27598,27598,21010,21010,9642,9642,24288,24288,180805,180805,25446,25446,28791,28791,60904,60904,34360,34360,61732,61732,59189,59189,14243,14243,31772,31772,30972,30972,45528,45528,28754,28754,54211,54211,37980,37980,24736,24736,75973,75973,20782,20782,38656,38656,52861,52861,11561,11561,16643,16643,37309,37309,35547,35547,38014,38014,53019,53019,10460,10460,53554,53554,13007,13007,84847,84847,87277,87277,66051,66051,42068,42068,20024,20024,11090,11090,70351,70351,102410,102410,30332,30332,19918,19918,17540,17540,36800,36800,22424,22424,27101,27101,11005,11005,169782,169782,8189,8189,13312,13312,17548,17548,46485,46485,18885,18885,44359,44359,25382,25382,24395,24395,32304,32304,13987,13987,77310,77310,58985,58985,43142,43142,35755,35755,23788,23788,21295,21295,22916,22916,28276,28276,49215,49215,20091,20091,29016,29016,149580,149580,22671,22671,43218,43218,26216,26216,22443,22443,27184,27184,12164,12164,38349,38349,22178,22178,129210,129210,43574,43574,10153,10153,16424,16424,19292,19292,25463,25463,35872,35872,29018,29018,17985,17985,17537,17537,12063,12063,21149,21149,9356,9356,34942,34942,43664,43664,43128,43128,8982,8982,3706,3706,41669,41669,10767,10767,21867,21867,15182,15182,5612,5612
23,22901,22901,52809,52809,14648,14648,16963,16963,58371,58371,26243,26243,28460,28460,37222,37222,120990,120990,125441,125441,22028,22028,36818,36818,70200,70200,59298,59298,19870,19870,16667,16667,35762,35762,10972,10972,58554,58554,38969,38969,17126,17126,21387,21387,35502,35502,55585,55585,35371,35371,56887,56887,45520,45520,19125,19125,48304,48304,22871,22871,33878,33878,52395,52395,53195,53195,32526,32526,29465,29465,94342,94342,5142,5142,17167,17167,31657,31657,96108,96108,30718,30718,29597,29597,21294,21294,9133,9133,24780,24780,183611,183611,25209,25209,29257,29257,57482,57482,34360,34360,61693,61693,58829,58829,13868,13868,31762,31762,30523,30523,46121,46121,29304,29304,54675,54675,38209,38209,24862,24862,73386,73386,21460,21460,39120,39120,53819,53819,11573,11573,16852,16852,37815,37815,37916,37916,38124,38124,52822,52822,10565,10565,53994,53994,12548,12548,83924,83924,95251,95251,66963,66963,42364,42364,20436,20436,11659,11659,70461,70461,105211,105211,30312,30312,20304,20304,18154,18154,36808,36808,22831,22831,27189,27189,11332,11332,171847,171847,8117,8117,13306,13306,17606,17606,45410,45410,19144,19144,47560,47560,25296,25296,24182,24182,31801,31801,13648,13648,77416,77416,58331,58331,42610,42610,36118,36118,23619,23619,21543,21543,22583,22583,29353,29353,49734,49734,20676,20676,29281,29281,150735,150735,22990,22990,44113,44113,25663,25663,22291,22291,27630,27630,11036,11036,37516,37516,21829,21829,128594,128594,43986,43986,10232,10232,16772,16772,19994,19994,25479,25479,36076,36076,29845,29845,17595,17595,17414,17414,12199,12199,21194,21194,9535,9535,35069,35069,44184,44184,43272,43272,8896,8896,3687,3687,40335,40335,10242,10242,22401,22401,15443,15443,5641,5641
24,23300,23300,52265,52265,14187,14187,17488,17488,59235,59235,26329,26329,28639,28639,37393,37393,120338,120338,124397,124397,22070,22070,37729,37729,71020,71020,59674,59674,19376,19376,16276,16276,36255,36255,11027,11027,59119,59119,39326,39326,16826,16826,20946,20946,35272,35272,56000,56000,35497,35497,56685,56685,44942,44942,18945,18945,49415,49415,22699,22699,33181,33181,52011,52011,53924,53924,31967,31967,30287,30287,92327,92327,4989,4989,17246,17246,30969,30969,98368,98368,30811,30811,34564,34564,21487,21487,9490,9490,24873,24873,184794,184794,26072,26072,28609,28609,54028,54028,34627,34627,62258,62258,58424,58424,13960,13960,31292,31292,30915,30915,45629,45629,29254,29254,53880,53880,38168,38168,24936,24936,70440,70440,21157,21157,38927,38927,53285,53285,11671,11671,16500,16500,38176,38176,39642,39642,38579,38579,53239,53239,11186,11186,55801,55801,12870,12870,86049,86049,101085,101085,67409,67409,42208,42208,20560,20560,11305,11305,71678,71678,104774,104774,30213,30213,20213,20213,18546,18546,36825,36825,22760,22760,27029,27029,11128,11128,173696,173696,7935,7935,13862,13862,17392,17392,45503,45503,19013,19013,46079,46079,25315,25315,24655,24655,31899,31899,13994,13994,77136,77136,57388,57388,42967,42967,36316,36316,23497,23497,21624,21624,22984,22984,28698,28698,49581,49581,20018,20018,29623,29623,152294,152294,22809,22809,44430,44430,26182,26182,22528,22528,28123,28123,11637,11637,37887,37887,21740,21740,127262,127262,43767,43767,10131,10131,16814,16814,20311,20311,26233,26233,35903,35903,29819,29819,18044,18044,17448,17448,12077,12077,20966,20966,9704,9704,34886,34886,42954,42954,43833,43833,8996,8996,3641,3641,40120,40120,10945,10945,22575,22575,15458,15458,5238,5238
25,23317,23317,53079,53079,14340,14340,16808,16808,57854,57854,25924,25924,28269,28269,37039,37039,119263,119263,126780,126780,22298,22298,36701,36701,70040,70040,58930,58930,19684,19684,12893,12893,36378,36378,11043,11043,58629,58629,39169,39169,16795,16795,21179,21179,35109,35109,55921,55921,35793,35793,57107,57107,45728,45728,19297,19297,49810,49810,21954,21954,33795,33795,52494,52494,51826,51826,31095,31095,29115,29115,93694,93694,4955,4955,17624,17624,31167,31167,96131,96131,30728,30728,49176,49176,21003,21003,9205,9205,25119,25119,181435,181435,26203,26203,29250,29250,50891,50891,35921,35921,63424,63424,58310,58310,13881,13881,31520,31520,31138,31138,46663,46663,29455,29455,53569,53569,38359,38359,24594,24594,67178,67178,21348,21348,38821,38821,53978,53978,11689,11689,16490,16490,37606,37606,40565,40565,37772,37772,53904,53904,11029,11029,56421,56421,12095,12095,85415,85415,100264,100264,67040,67040,41435,41435,20360,20360,11596,11596,71143,71143,102428,102428,30198,30198,20132,20132,18057,18057,36738,36738,22509,22509,27840,27840,11595,11595,176077,176077,8000,8000,13796,13796,17918,17918,45814,45814,19192,19192,45662,45662,25537,25537,23953,23953,31913,31913,14054,14054,78366,78366,57527,57527,42938,42938,37282,37282,23555,23555,21386,21386,22828,22828,28753,28753,49934,49934,20421,20421,28504,28504,154042,154042,23113,23113,44300,44300,26825,26825,22600,22600,27757,27757,11005,11005,39000,39000,21756,21756,130724,130724,43671,43671,10170,10170,17263,17263,19726,19726,25705,25705,36272,36272,29625,29625,17554,17554,17327,17327,12130,12130,20943,20943,9339,9339,35223,35223,44358,44358,44527,44527,8788,8788,3874,3874,40705,40705,10946,10946,22137,22137,14811,14811,4064,4064
26,22801,22801,52808,52808,14165,14165,17468,17468,57640,57640,26426,26426,28778,28778,37540,37540,120757,120757,126283,126283,22244,22244,36919,36919,69558,69558,58944,58944,19646,19646,12974,12974,36316,36316,11147,11147,58388,58388,38805,38805,17926,17926,21598,21598,35055,35055,54088,54088,34971,34971,56649,56649,45566,45566,18652,18652,49272,49272,22734,22734,34294,34294,52509,52509,50565,50565,31476,31476,29569,29569,94107,94107,4969,4969,17807,17807,30675,30675,95380,95380,30481,30481,77267,77267,21048,21048,9198,9198,24449,24449,182422,182422,24960,24960,29440,29440,47572,47572,35235,35235,63571,63571,57592,57592,13823,13823,31365,31365,30572,30572,46693,46693,29657,29657,53965,53965,37232,37232,24900,24900,64460,64460,21534,21534,39114,39114,53924,53924,11628,11628,16382,16382,38189,38189,40509,40509,37962,37962,54047,54047,10951,10951,58701,58701,12504,12504,84221,84221,100744,100744,66776,66776,41402,41402,20141,20141,11517,11517,71980,71980,103081,103081,29870,29870,19854,19854,17968,17968,36587,36587,23188,23188,27815,27815,11395,11395,175512,175512,8035,8035,13637,13637,17569,17569,46286,46286,19553,19553,44261,44261,25141,25141,24623,24623,31923,31923,13725,13725,78596,78596,57825,57825,42692,42692,36548,36548,23531,23531,21161,21161,23031,23031,29690,29690,50437,50437,20332,20332,28353,28353,153419,153419,23181,23181,43277,43277,26786,26786,22072,22072,27752,27752,11072,11072,38384,38384,21780,21780,129761,129761,44084,44084,10450,10450,17006,17006,20219,20219,25478,25478,36556,36556,28948,28948,17442,17442,17574,17574,11855,11855,21124,21124,9133,9133,34939,34939,41576,41576,44033,44033,9027,9027,3910,3910,40222,40222,10934,10934,21656,21656,13783,13783,4187,4187
27,23049,23049,51897,51897,14671,14671,17375,17375,58724,58724,26127,26127,28164,28164,37295,37295,119819,119819,125943,125943,22134,22134,36963,36963,69595,69595,59068,59068,20126,20126,13418,13418,36528,36528,10804,10804,58554,58554,38982,38982,17692,17692,21096,21096,35370,35370,54648,54648,34771,34771,56041,56041,45277,45277,18737,18737,49780,49780,22423,22423,34605,34605,53916,53916,48397,48397,32084,32084,29477,29477,94985,94985,4994,4994,17722,17722,29595,29595,95486,95486,30283,30283,89727,89727,21303,21303,9324,9324,24720,24720,185251,185251,25461,25461,29538,29538,45298,45298,35045,35045,63090,63090,57373,57373,14051,14051,31298,31298,31387,31387,46550,46550,29957,29957,53860,53860,38142,38142,24410,24410,62486,62486,20809,20809,39488,39488,54793,54793,11702,11702,16814,16814,38128,38128,41082,41082,37699,37699,53183,53183,10928,10928,60996,60996,12138,12138,83113,83113,101121,101121,67993,67993,42254,42254,20968,20968,11716,11716,72135,72135,104250,104250,30010,30010,20390,20390,18071,18071,36688,36688,22171,22171,27746,27746,11646,11646,179071,179071,8035,8035,13535,13535,17532,17532,47591,47591,19696,19696,42966,42966,24645,24645,23654,23654,32171,32171,14127,14127,78118,78118,57657,57657,42698,42698,36520,36520,23277,23277,21270,21270,23035,23035,29290,29290,49594,49594,21072,21072,28917,28917,152259,152259,22947,22947,43865,43865,25847,25847,22069,22069,27295,27295,16699,16699,38860,38860,22038,22038,129280,129280,44763,44763,10190,10190,16872,16872,19953,19953,25607,25607,35665,35665,29258,29258,17379,17379,17874,17874,12548,12548,21554,21554,9141,9141,34789,34789,42598,42598,44354,44354,9118,9118,3805,3805,39357,39357,10834,10834,21791,21791,14132,14132,4287,4287
28,22433,22433,52591,52591,13955,13955,19158,19158,57850,57850,25981,25981,27879,27879,37293,37293,121269,121269,125240,125240,22141,22141,36708,36708,70128,70128,59063,59063,20640,20640,13383,13383,36271,36271,10714,10714,58237,58237,37988,37988,17735,17735,21353,21353,35223,35223,54947,54947,35366,35366,57451,57451,45014,45014,18967,18967,49916,49916,22401,22401,33342,33342,52709,52709,48201,48201,31322,31322,29137,29137,96279,96279,4680,4680,17572,17572,29999,29999,95326,95326,30434,30434,92349,92349,20761,20761,9172,9172,25538,25538,185672,185672,25395,25395,29930,29930,41474,41474,35031,35031,63782,63782,56241,56241,13586,13586,31219,31219,30388,30388,47006,47006,29869,29869,53869,53869,38174,38174,23870,23870,60321,60321,21205,21205,39491,39491,54113,54113,11771,11771,16546,16546,37327,37327,41085,41085,37497,37497,54700,54700,10835,10835,64932,64932,12234,12234,82382,82382,102649,102649,68788,68788,42326,42326,20706,20706,11252,11252,73033,73033,102283,102283,30270,30270,20452,20452,17894,17894,36842,36842,21740,21740,27966,27966,11533,11533,177904,177904,8309,8309,13412,13412,17956,17956,47837,47837,19172,19172,42949,42949,24514,24514,24216,24216,32103,32103,14017,14017,78732,78732,57516,57516,43074,43074,37228,37228,23467,23467,21232,21232,23233,23233,29186,29186,50249,50249,20880,20880,28651,28651,152884,152884,22949,22949,44930,44930,26491,26491,22940,22940,28427,28427,12974,12974,38669,38669,21316,21316,129116,129116,44158,44158,10189,10189,16548,16548,20047,20047,25568,25568,36009,36009,28940,28940,17505,17505,17710,17710,12616,12616,21062,21062,9177,9177,35709,35709,42427,42427,44342,44342,9059,9059,3813,3813,39606,39606,10927,10927,22258,22258,14016,14016,4117,4117
29,22520,22520,51650,51650,14434,14434,17199,17199,57147,57147,25725,25725,27442,27442,37285,37285,120657,120657,125420,125420,22017,22017,36584,36584,68735,68735,59698,59698,19939,19939,13172,13172,36042,36042,11213,11213,58152,58152,38277,38277,17078,17078,21563,21563,35717,35717,54144,54144,35061,35061,56145,56145,44706,44706,19425,19425,49546,49546,22580,22580,33586,33586,53035,53035,47197,47197,30295,30295,29020,29020,95776,95776,4902,4902,17642,17642,29338,29338,97556,97556,31143,31143,93987,93987,20898,20898,9329,9329,25314,25314,185756,185756,26186,26186,30285,30285,39668,39668,35555,35555,63480,63480,56350,56350,13313,13313,31638,31638,31480,31480,46825,46825,29211,29211,53258,53258,38269,38269,23989,23989,57452,57452,21590,21590,39143,39143,54351,54351,11754,11754,16650,16650,38404,38404,40759,40759,37740,37740,53588,53588,10545,10545,67336,67336,12235,12235,83047,83047,102170,102170,69332,69332,41780,41780,20960,20960,11410,11410,73924,73924,104275,104275,29813,29813,20362,20362,17944,17944,36790,36790,21967,21967,27228,27228,11436,11436,178260,178260,8134,8134,13434,13434,18612,18612,46889,46889,19644,19644,42501,42501,24370,24370,24267,24267,31511,31511,14208,14208,79148,79148,56622,56622,42901,42901,37583,37583,23479,23479,20995,20995,22639,22639,29105,29105,50824,50824,20514,20514,29410,29410,153268,153268,22942,22942,44396,44396,26723,26723,22398,22398,28913,28913,11922,11922,38033,38033,21439,21439,129344,129344,44801,44801,10571,10571,16897,16897,19677,19677,25713,25713,36057,36057,28585,28585,17593,17593,17851,17851,12771,12771,21069,21069,9448,9448,34793,34793,42176,42176,44317,44317,9069,9069,3806,3806,39875,39875,11203,11203,22214,22214,14057,14057,3008,3008
30,23086,23086,52572,52572,13992,13992,16540,16540,56985,56985,25752,25752,28057,28057,37934,37934,119892,119892,125771,125771,21980,21980,36517,36517,68812,68812,58431,58431,19972,19972,12775,12775,36166,36166,11032,11032,58306,58306,38361,38361,17480,17480,21860,21860,35182,35182,52444,52444,34780,34780,56163,56163,45188,45188,19359,19359,49420,49420,21859,21859,33622,33622,51662,51662,46009,46009,30566,30566,29076,29076,95273,95273,4749,4749,17438,17438,28964,28964,98285,98285,31275,31275,96660,96660,20806,20806,9306,9306,25407,25407,186767,186767,25860,25860,29174,29174,38013,38013,35346,35346,64082,64082,55964,55964,13926,13926,30828,30828,30527,30527,47303,47303,29687,29687,53983,53983,38160,38160,23417,23417,55838,55838,21003,21003,39817,39817,54192,54192,11813,11813,16593,16593,38609,38609,41203,41203,38009,38009,54255,54255,10715,10715,75752,75752,12179,12179,81842,81842,102226,102226,69601,69601,42118,42118,21094,21094,11716,11716,74080,74080,103609,103609,29693,29693,19982,19982,17904,17904,36422,36422,22127,22127,28057,28057,11421,11421,177910,177910,8378,8378,13001,13001,17757,17757,46867,46867,19105,19105,42538,42538,25217,25217,23572,23572,31894,31894,14159,14159,78123,78123,56871,56871,43401,43401,37503,37503,23367,23367,20904,20904,22989,22989,29449,29449,49467,49467,20762,20762,28694,28694,153223,153223,22953,22953,44190,44190,26914,26914,22689,22689,28668,28668,11152,11152,38486,38486,21557,21557,129470,129470,44384,44384,10029,10029,17176,17176,19696,19696,25482,25482,36232,36232,28597,28597,17438,17438,17793,17793,12148,12148,21062,21062,9533,9533,34970,34970,42074,42074,43956,43956,9243,9243,3596,3596,40418,40418,11117,11117,22037,22037,14140,14140,2781,2781
31,23065,23065,52036,52036,13878,13878,17008,17008,57598,57598,26463,26463,28043,28043,37410,37410,119458,119458,126775,126775,22086,22086,35597,35597,68921,68921,58515,58515,19946,19946,12133,12133,36229,36229,11159,11159,57699,57699,37841,37841,17678,17678,21599,21599,35600,35600,52495,52495,35195,35195,56085,56085,45187,45187,19124,19124,49379,49379,22131,22131,32877,32877,52542,52542,44400,44400,30448,30448,29024,29024,95702,95702,4641,4641,17970,17970,28356,28356,96340,96340,30525,30525,99034,99034,21318,21318,9445,9445,25761,25761,187856,187856,25811,25811,29376,29376,37906,37906,35755,35755,64089,64089,54356,54356,13690,13690,30972,30972,31615,31615,46740,46740,29072,29072,52727,52727,37336,37336,23502,23502,53627,53627,21162,21162,40830,40830,53560,53560,11923,11923,16595,16595,38404,38404,41373,41373,37489,37489,53236,53236,10887,10887,83225,83225,12116,12116,82652,82652,101851,101851,71628,71628,42708,42708,21336,21336,11727,11727,71915,71915,104183,104183,29920,29920,20058,20058,18158,18158,36356,36356,22730,22730,28145,28145,11393,11393,179290,179290,7931,7931,13604,13604,17820,17820,46534,46534,19262,19262,43742,43742,24950,24950,23701,23701,31114,31114,14396,14396,79783,79783,56854,56854,43530,43530,37371,37371,23840,23840,21926,21926,22775,22775,29279,29279,49411,49411,20803,20803,29038,29038,152982,152982,22893,22893,43731,43731,26697,26697,22435,22435,28623,28623,10890,10890,39114,39114,22324,22324,129147,129147,44940,44940,10010,10010,16866,16866,20247,20247,25561,25561,36351,36351,29714,29714,17847,17847,17987,17987,12154,12154,20726,20726,9742,9742,35529,35529,42485,42485,43062,43062,8934,8934,3934,3934,41129,41129,11462,11462,21862,21862,14290,14290,2928,2928
32,22479,22479,52364,52364,13962,13962,17416,17416,57277,57277,26207,26207,27868,27868,36790,36790,118450,118450,126584,126584,22199,22199,36346,36346,67656,67656,58487,58487,20068,20068,12009,12009,36139,36139,11175,11175,58308,58308,37903,37903,17745,17745,21526,21526,35054,35054,52472,52472,34459,34459,56560,56560,45152,45152,19001,19001,49264,49264,21929,21929,33438,33438,53107,53107,43986,43986,30746,30746,29108,29108,96155,96155,4774,4774,17705,17705,29258,29258,96107,96107,31073,31073,99536,99536,20646,20646,9549,9549,25173,25173,189733,189733,25915,25915,29013,29013,37877,37877,35205,35205,65393,65393,56070,56070,13710,13710,30919,30919,31867,31867,47083,47083,29374,29374,53037,53037,37590,37590,23662,23662,52124,52124,21397,21397,40530,40530,53084,53084,11623,11623,16584,16584,38477,38477,41611,41611,37795,37795,55248,55248,10781,10781,90833,90833,12204,12204,80559,80559,102351,102351,69462,69462,42344,42344,21474,21474,11439,11439,73612,73612,101007,101007,29969,29969,20010,20010,17879,17879,36076,36076,21984,21984,27640,27640,11365,11365,179806,179806,8292,8292,13772,13772,17807,17807,45311,45311,19171,19171,43261,43261,24575,24575,24131,24131,31587,31587,14155,14155,79320,79320,56934,56934,43021,43021,37099,37099,23208,23208,21166,21166,22788,22788,30063,30063,49965,49965,20826,20826,29725,29725,153979,153979,22944,22944,44142,44142,27284,27284,22351,22351,28546,28546,10543,10543,38663,38663,21607,21607,130558,130558,44725,44725,10377,10377,16815,16815,20360,20360,25813,25813,36384,36384,28271,28271,17641,17641,17542,17542,11717,11717,21161,21161,9269,9269,34937,34937,41054,41054,44051,44051,8819,8819,3839,3839,42233,42233,11190,11190,21342,21342,13285,13285,2842,2842
33,22761,22761,53661,53661,13766,13766,20683,20683,58608,58608,26118,26118,28145,28145,37251,37251,118642,118642,124649,124649,22575,22575,36134,36134,68271,68271,59182,59182,19429,19429,13293,13293,36570,36570,10783,10783,58342,58342,37544,37544,17545,17545,21080,21080,35549,35549,52649,52649,34360,34360,55532,55532,44767,44767,18910,18910,48983,48983,21352,21352,33076,33076,53461,53461,42667,42667,30582,30582,28796,28796,96357,96357,4899,4899,17598,17598,28942,28942,98085,98085,31897,31897,100499,100499,20814,20814,9297,9297,25291,25291,189964,189964,26047,26047,29201,29201,37731,37731,34799,34799,65041,65041,54182,54182,13632,13632,30746,30746,31630,31630,46661,46661,28478,28478,53327,53327,37617,37617,23067,23067,51114,51114,21004,21004,40988,40988,53190,53190,11712,11712,16305,16305,38234,38234,41307,41307,37083,37083,54443,54443,10580,10580,99267,99267,12089,12089,79661,79661,102460,102460,70336,70336,42430,42430,21166,21166,11631,11631,73248,73248,101966,101966,30223,30223,20056,20056,18216,18216,35768,35768,22468,22468,27425,27425,11676,11676,180288,180288,8285,8285,13881,13881,17835,17835,47216,47216,19331,19331,43759,43759,24475,24475,23767,23767,31517,31517,14227,14227,78507,78507,57536,57536,44255,44255,37257,37257,23495,23495,21498,21498,22591,22591,28826,28826,50067,50067,20941,20941,28810,28810,153199,153199,23381,23381,44006,44006,26798,26798,22362,22362,28615,28615,10804,10804,39633,39633,21105,21105,130289,130289,44663,44663,10078,10078,17710,17710,19978,19978,26147,26147,36078,36078,28583,28583,17744,17744,18144,18144,11630,11630,21665,21665,9599,9599,35260,35260,41016,41016,43226,43226,9076,9076,3891,3891,44430,44430,11076,11076,21692,21692,13292,13292,2751,2751
34,22434,22434,52505,52505,13545,13545,21752,21752,58180,58180,26273,26273,27910,27910,36805,36805,118317,118317,124455,124455,23379,23379,35466,35466,68857,68857,60444,60444,19122,19122,12992,12992,37266,37266,10709,10709,58357,58357,37195,37195,17618,17618,21659,21659,35264,35264,51813,51813,34458,34458,56276,56276,45171,45171,19023,19023,49565,49565,21620,21620,33684,33684,54438,54438,41780,41780,30672,30672,28702,28702,97858,97858,4778,4778,17487,17487,28322,28322,98535,98535,30940,30940,101681,101681,21059,21059,9461,9461,26078,26078,188165,188165,26740,26740,29440,29440,38607,38607,35561,35561,64457,64457,53882,53882,13484,13484,31141,31141,30944,30944,46639,46639,28378,28378,53073,53073,38623,38623,23384,23384,49973,49973,20954,20954,41322,41322,53811,53811,11603,11603,16547,16547,38209,38209,41756,41756,37082,37082,54524,54524,10867,10867,107838,107838,12317,12317,78971,78971,103264,103264,70141,70141,42686,42686,20995,20995,11720,11720,74882,74882,102529,102529,30140,30140,20304,20304,18834,18834,36672,36672,22354,22354,27793,27793,11419,11419,180714,180714,8404,8404,13229,13229,18931,18931,47421,47421,19558,19558,43238,43238,24498,24498,24246,24246,32380,32380,13818,13818,78620,78620,56577,56577,43939,43939,37063,37063,23523,23523,21493,21493,22754,22754,29479,29479,49234,49234,20239,20239,29123,29123,152270,152270,22912,22912,43514,43514,26502,26502,22332,22332,28315,28315,10786,10786,38858,38858,21514,21514,129091,129091,44571,44571,10250,10250,17007,17007,19553,19553,26510,26510,36001,36001,28144,28144,17040,17040,18005,18005,11581,11581,21232,21232,9399,9399,35849,35849,39832,39832,44030,44030,8954,8954,3682,3682,45338,45338,11244,11244,21510,21510,12818,12818,2820,2820
35,22810,22810,51435,51435,13748,13748,18124,18124,58648,58648,25738,25738,27908,27908,37597,37597,119940,119940,125814,125814,23849,23849,35040,35040,68617,68617,58598,58598,19182,19182,10830,10830,36336,36336,11406,11406,57408,57408,37404,37404,17384,17384,21464,21464,34851,34851,52588,52588,34302,34302,56263,56263,44444,44444,18754,18754,49851,49851,21487,21487,33123,33123,53742,53742,40708,40708,30403,30403,28414,28414,97579,97579,4885,4885,17354,17354,28507,28507,97556,97556,31308,31308,100920,100920,20459,20459,9057,9057,25344,25344,187656,187656,26309,26309,29560,29560,39642,39642,35389,35389,63620,63620,52491,52491,13784,13784,30644,30644,30847,30847,45863,45863,28149,28149,53142,53142,37795,37795,23214,23214,48034,48034,21509,21509,39949,39949,53464,53464,11880,11880,16335,16335,37784,37784,42996,42996,36912,36912,54433,54433,10632,10632,116529,116529,12226,12226,78426,78426,103167,103167,70969,70969,41748,41748,21018,21018,12000,12000,74404,74404,103017,103017,30057,30057,19743,19743,18436,18436,36457,36457,22789,22789,28611,28611,11760,11760,181239,181239,8371,8371,13570,13570,19887,19887,47214,47214,19348,19348,43161,43161,24592,24592,24499,24499,32184,32184,13776,13776,79062,79062,57314,57314,43071,43071,37363,37363,23077,23077,21229,21229,22964,22964,29499,29499,49761,49761,21342,21342,29387,29387,152858,152858,23118,23118,43303,43303,26603,26603,21866,21866,28688,28688,10261,10261,38949,38949,21481,21481,130456,130456,44705,44705,10170,10170,16717,16717,19941,19941,25955,25955,36580,36580,28508,28508,17503,17503,18252,18252,11711,11711,21850,21850,9424,9424,35685,35685,40408,40408,42958,42958,9113,9113,3995,3995,45299,45299,10864,10864,22181,22181,13133,13133,2579,2579
36,22901,22901,51823,51823,13676,13676,21652,21652,58908,58908,25784,25784,28427,28427,36957,36957,119957,119957,125579,125579,24065,24065,35975,35975,68565,68565,58993,58993,19293,19293,10779,10779,36807,36807,10720,10720,57786,57786,37193,37193,17211,17211,21539,21539,35332,35332,51929,51929,34687,34687,55246,55246,44695,44695,19503,19503,49741,49741,21738,21738,33423,33423,54385,54385,40540,40540,30421,30421,28657,28657,97457,97457,4737,4737,17558,17558,27911,27911,96954,96954,31542,31542,101774,101774,20170,20170,9371,9371,26048,26048,188040,188040,27006,27006,29850,29850,39514,39514,35672,35672,65276,65276,52481,52481,13778,13778,31770,31770,31530,31530,46356,46356,28143,28143,53088,53088,37518,37518,22482,22482,46133,46133,21249,21249,39726,39726,53246,53246,11469,11469,16382,16382,38355,38355,42575,42575,36813,36813,54302,54302,10454,10454,122585,122585,11984,11984,78243,78243,102804,102804,70573,70573,42489,42489,20934,20934,11746,11746,73234,73234,103164,103164,29850,29850,19924,19924,17796,17796,36111,36111,22584,22584,28973,28973,11452,11452,183403,183403,8042,8042,13556,13556,20632,20632,47031,47031,19423,19423,43667,43667,24302,24302,24568,24568,31527,31527,13544,13544,79757,79757,56508,56508,42924,42924,37202,37202,23007,23007,20848,20848,22555,22555,29194,29194,49566,49566,21272,21272,29164,29164,152879,152879,23065,23065,43349,43349,26571,26571,22303,22303,28771,28771,11250,11250,38216,38216,20919,20919,128741,128741,44295,44295,10321,10321,16947,16947,19334,19334,25456,25456,36507,36507,28692,28692,16832,16832,17717,17717,11808,11808,22432,22432,9181,9181,35466,35466,39713,39713,42609,42609,9303,9303,3941,3941,44859,44859,11145,11145,21427,21427,13370,13370,2406,2406
37,22651,22651,51236,51236,13689,13689,19628,19628,59745,59745,25987,25987,27596,27596,37470,37470,120476,120476,124416,124416,24164,24164,35560,35560,66230,66230,59814,59814,18880,18880,10522,10522,36253,36253,10599,10599,57607,57607,37642,37642,16999,16999,21191,21191,34921,34921,51939,51939,34128,34128,55742,55742,44871,44871,18604,18604,49772,49772,22181,22181,33089,33089,55264,55264,39490,39490,30571,30571,27998,27998,98359,98359,4778,4778,17444,17444,28207,28207,97522,97522,31750,31750,102001,102001,20344,20344,9421,9421,26061,26061,188892,188892,27291,27291,29303,29303,38797,38797,34842,34842,65055,65055,52179,52179,13508,13508,31424,31424,30550,30550,45835,45835,28045,28045,52769,52769,37559,37559,22980,22980,44258,44258,21013,21013,40481,40481,53231,53231,11917,11917,16838,16838,38091,38091,42943,42943,36796,36796,54170,54170,10299,10299,127623,127623,11865,11865,78020,78020,103512,103512,71241,71241,42533,42533,21685,21685,11634,11634,75767,75767,103923,103923,30025,30025,19872,19872,18581,18581,36494,36494,22764,22764,28601,28601,11529,11529,184025,184025,8012,8012,13554,13554,20567,20567,48229,48229,19097,19097,43012,43012,23954,23954,24200,24200,31348,31348,13814,13814,79876,79876,56816,56816,43278,43278,37315,37315,23290,23290,21426,21426,23230,23230,28614,28614,49726,49726,20797,20797,29079,29079,153791,153791,22437,22437,43847,43847,26703,26703,22152,22152,29007,29007,15277,15277,38411,38411,21022,21022,130987,130987,44799,44799,10223,10223,16731,16731,19678,19678,25581,25581,36703,36703,29174,29174,16989,16989,17889,17889,12039,12039,22344,22344,9220,9220,34965,34965,39834,39834,42831,42831,9315,9315,3723,3723,45338,45338,11029,11029,21666,21666,13462,13462,2505,2505
38,22462,22462,51423,51423,13608,13608,20475,20475,59824,59824,25682,25682,26909,26909,37364,37364,118798,118798,125567,125567,22983,22983,34956,34956,67474,67474,59411,59411,19377,19377,11744,11744,36713,36713,11156,11156,57231,57231,36278,36278,17244,17244,21185,21185,35180,35180,50706,50706,34505,34505,55728,55728,45261,45261,18912,18912,49951,49951,21151,21151,33748,33748,54977,54977,38932,38932,30419,30419,28207,28207,100002,100002,5112,5112,17064,17064,27895,27895,97753,97753,31127,31127,102465,102465,20919,20919,9643,9643,25113,25113,190498,190498,26417,26417,29232,29232,38927,38927,36092,36092,65330,65330,51755,51755,13864,13864,31205,31205,30464,30464,45116,45116,27953,27953,52910,52910,37973,37973,22791,22791,42399,42399,21140,21140,41328,41328,53884,53884,11622,11622,16239,16239,38540,38540,42514,42514,37015,37015,55007,55007,10487,10487,130498,130498,11923,11923,77215,77215,104338,104338,71805,71805,41906,41906,21554,21554,11792,11792,76679,76679,103336,103336,29707,29707,19617,19617,18048,18048,36476,36476,22235,22235,28214,28214,11859,11859,182946,182946,8135,8135,13802,13802,19949,19949,48367,48367,19663,19663,42794,42794,24148,24148,24285,24285,32210,32210,13653,13653,79345,79345,55777,55777,42854,42854,36883,36883,22627,22627,21024,21024,22821,22821,28886,28886,50367,50367,20904,20904,29193,29193,155866,155866,23080,23080,44034,44034,26175,26175,22557,22557,29069,29069,10838,10838,39310,39310,21336,21336,128194,128194,44865,44865,10298,10298,16460,16460,20015,20015,26046,26046,36385,36385,28286,28286,16705,16705,17677,17677,11541,11541,22884,22884,9516,9516,35817,35817,39578,39578,42714,42714,9157,9157,3850,3850,45737,45737,11020,11020,20394,20394,13451,13451,2748,2748
39,22443,22443,50872,50872,13579,13579,18155,18155,59129,59129,26331,26331,28050,28050,37119,37119,119806,119806,125410,125410,22472,22472,35618,35618,67638,67638,59356,59356,19188,19188,10279,10279,36403,36403,10959,10959,58087,58087,36606,36606,16950,16950,21463,21463,35335,35335,50046,50046,34193,34193,55636,55636,44545,44545,19473,19473,49634,49634,21482,21482,33147,33147,54024,54024,37983,37983,30550,30550,28839,28839,99248,99248,4929,4929,17374,17374,27412,27412,97325,97325,31463,31463,101796,101796,20429,20429,9465,9465,26167,26167,188939,188939,26151,26151,29123,29123,38794,38794,35430,35430,65495,65495,51645,51645,13642,13642,31479,31479,30342,30342,45311,45311,27518,27518,52836,52836,37513,37513,21994,21994,40897,40897,20880,20880,40778,40778,52529,52529,11328,11328,16625,16625,38208,38208,41522,41522,37398,37398,54404,54404,10682,10682,135905,135905,12148,12148,76414,76414,104792,104792,70866,70866,42285,42285,21167,21167,12170,12170,74990,74990,104950,104950,29800,29800,19790,19790,18158,18158,36671,36671,22445,22445,28384,28384,11531,11531,183331,183331,8211,8211,13278,13278,19554,19554,47058,47058,19194,19194,43742,43742,24403,24403,23747,23747,31755,31755,13956,13956,79397,79397,56470,56470,43041,43041,37780,37780,23179,23179,20843,20843,22507,22507,28998,28998,49869,49869,20712,20712,28345,28345,152891,152891,22801,22801,43624,43624,25565,25565,22367,22367,30804,30804,11171,11171,38676,38676,21294,21294,128151,128151,43869,43869,10099,10099,16527,16527,19871,19871,26171,26171,35259,35259,29274,29274,17245,17245,18009,18009,12120,12120,22647,22647,9486,9486,34989,34989,38248,38248,42152,42152,9145,9145,3837,3837,45246,45246,11104,11104,20632,20632,13178,13178,1604,1604
40,22616,22616,50134,50134,12918,12918,17721,17721,59222,59222,26062,26062,28102,28102,36401,36401,119025,119025,125129,125129,22203,22203,35399,35399,66958,66958,60317,60317,18696,18696,11131,11131,36005,36005,10787,10787,57194,57194,36347,36347,16388,16388,21491,21491,34941,34941,49735,49735,34114,34114,54400,54400,44406,44406,19384,19384,50533,50533,21145,21145,33555,33555,54961,54961,38110,38110,30124,30124,27861,27861,100576,100576,5005,5005,17039,17039,27512,27512,96282,96282,31405,31405,99398,99398,19835,19835,9080,9080,25496,25496,190095,190095,26402,26402,29502,29502,37615,37615,34426,34426,65653,65653,50403,50403,13639,13639,30797,30797,30190,30190,45195,45195,27506,27506,53223,53223,37544,37544,21495,21495,40549,40549,20769,20769,41433,41433,52699,52699,11972,11972,16386,16386,37925,37925,41184,41184,37089,37089,55103,55103,10636,10636,139683,139683,11835,11835,77052,77052,105217,105217,71910,71910,41510,41510,21086,21086,11670,11670,75394,75394,105171,105171,29979,29979,19976,19976,18088,18088,36208,36208,22063,22063,28279,28279,11671,11671,182077,182077,8027,8027,13324,13324,19015,19015,47267,47267,19299,19299,43230,43230,24204,24204,23782,23782,31760,31760,13820,13820,79124,79124,55914,55914,42948,42948,37136,37136,23163,23163,21200,21200,22835,22835,29039,29039,50080,50080,21000,21000,28565,28565,152379,152379,22960,22960,43306,43306,25878,25878,21790,21790,30040,30040,10838,10838,38729,38729,21237,21237,128064,128064,43793,43793,10152,10152,16810,16810,19868,19868,26237,26237,36315,36315,28300,28300,16976,16976,17721,17721,12071,12071,22863,22863,9205,9205,35344,35344,37289,37289,41734,41734,9245,9245,3927,3927,45164,45164,11020,11020,20677,20677,13790,13790,2263,2263
